review_item_id,query_bundle_id,blind_label,query_text_zh,response_text,response_summary,unsupported_notice,response_json,recommendation_count
blind_001_B,bundle_001,B,请推荐Anaheim位置交通和卫生干净都不错的酒店。,"Summary: 推荐TownePlace Suites Anaheim，交通与卫生均获好评。
Recommendations:
1. TownePlace Suites Anaheim Maingate Near Angel Stadium - 房间宽敞且干净，酒店本身整洁舒适。 | 位置便利，靠近Honda Center、Anaheim体育场及餐厅。",推荐TownePlace Suites Anaheim，交通与卫生均获好评。,,"{""recommendations"": [{""hotel_id"": ""bfb10d66f821"", ""hotel_name"": ""TownePlace Suites Anaheim Maingate Near Angel Stadium"", ""reasons"": [{""aspect"": ""cleanliness"", ""reason_text"": ""房间宽敞且干净，酒店本身整洁舒适。"", ""sentence_id"": ""863cfddad077974_s007""}, {""aspect"": ""location_transport"", ""reason_text"": ""位置便利，靠近Honda Center、Anaheim体育场及餐厅。"", ""sentence_id"": ""68d99b391b76ab76_s000""}]}], ""summary"": ""推荐TownePlace Suites Anaheim，交通与卫生均获好评。"", ""unsupported_notice"": """"}",1
blind_001_D,bundle_001,D,请推荐Anaheim位置交通和卫生干净都不错的酒店。,"Summary: 推荐TownePlace Suites Anaheim，交通与卫生均获好评。
Recommendations:
1. TownePlace Suites Anaheim Maingate Near Angel Stadium - 房间干净舒适，酒店环境整洁。 | 位置便利，靠近本田中心及天使体育场。",推荐TownePlace Suites Anaheim，交通与卫生均获好评。,,"{""recommendations"": [{""hotel_id"": ""bfb10d66f821"", ""hotel_name"": ""TownePlace Suites Anaheim Maingate Near Angel Stadium"", ""reasons"": [{""aspect"": ""cleanliness"", ""reason_text"": ""房间干净舒适，酒店环境整洁。"", ""sentence_id"": ""748a79568a9e9fa0_s002""}, {""aspect"": ""location_transport"", ""reason_text"": ""位置便利，靠近本田中心及天使体育场。"", ""sentence_id"": ""68d99b391b76ab76_s000""}]}], ""summary"": ""推荐TownePlace Suites Anaheim，交通与卫生均获好评。"", ""unsupported_notice"": """"}",1
blind_001_C,bundle_001,C,请推荐Anaheim位置交通和卫生干净都不错的酒店。,"Summary: 推荐Anaheim交通与卫生俱佳的酒店。
Recommendations:
1. TownePlace Suites Anaheim Maingate Near Angel Stadium - 房间宽敞且干净舒适。 | 位置便利，靠近体育场和餐厅。",推荐Anaheim交通与卫生俱佳的酒店。,,"{""recommendations"": [{""hotel_id"": ""bfb10d66f821"", ""hotel_name"": ""TownePlace Suites Anaheim Maingate Near Angel Stadium"", ""reasons"": [{""aspect"": ""cleanliness"", ""reason_text"": ""房间宽敞且干净舒适。"", ""sentence_id"": ""863cfddad0477974_s007""}, {""aspect"": ""location_transport"", ""reason_text"": ""位置便利，靠近体育场和餐厅。"", ""sentence_id"": ""68d99b391b76ab76_s000""}]}], ""summary"": ""推荐Anaheim交通与卫生俱佳的酒店。"", ""unsupported_notice"": """"}",1
blind_001_A,bundle_001,A,请推荐Anaheim位置交通和卫生干净都不错的酒店。,"Summary: 推荐Anaheim交通与卫生俱佳酒店。
Recommendations:
1. TownePlace Suites Anaheim Maingate Near Angel Stadium - 房间干净舒适，环境安静。 | 位置便利，靠近体育场和餐厅。",推荐Anaheim交通与卫生俱佳酒店。,,"{""recommendations"": [{""hotel_id"": ""bfb10d66f821"", ""hotel_name"": ""TownePlace Suites Anaheim Maingate Near Angel Stadium"", ""reasons"": [{""aspect"": ""cleanliness"", ""reason_text"": ""房间干净舒适，环境安静。"", ""sentence_id"": ""748a79568a9e9fa0_s002""}, {""aspect"": ""location_transport"", ""reason_text"": ""位置便利，靠近体育场和餐厅。"", ""sentence_id"": ""68d99b391b76ab76_s000""}]}], ""summary"": ""推荐Anaheim交通与卫生俱佳酒店。"", ""unsupported_notice"": """"}",1
blind_002_C,bundle_002,C,我在Anaheim想住得安静一点，但不要服务太差的酒店。,"Summary: 该酒店安静舒适，但服务评价不足。
Recommendations:
1. TownePlace Suites Anaheim Maingate Near Angel Stadium - 房间干净舒适，酒店安静。
Unsupported notice: 用户要求避免服务差，但现有证据中关于服务的描述均为正面或中性，缺乏负面证据支持该偏好，故仅推荐满足安静需求的酒店。",该酒店安静舒适，但服务评价不足。,用户要求避免服务差，但现有证据中关于服务的描述均为正面或中性，缺乏负面证据支持该偏好，故仅推荐满足安静需求的酒店。,"{""recommendations"": [{""hotel_id"": ""bfb10d66f821"", ""hotel_name"": ""TownePlace Suites Anaheim Maingate Near Angel Stadium"", ""reasons"": [{""aspect"": ""quiet_sleep"", ""reason_text"": ""房间干净舒适，酒店安静。"", ""sentence_id"": ""748a79568a9e9fa0_s002""}]}], ""summary"": ""该酒店安静舒适，但服务评价不足。"", ""unsupported_notice"": ""用户要求避免服务差，但现有证据中关于服务的描述均为正面或中性，缺乏负面证据支持该偏好，故仅推荐满足安静需求的酒店。""}",1
blind_002_B,bundle_002,B,我在Anaheim想住得安静一点，但不要服务太差的酒店。,"Summary: 该酒店安静且服务良好，符合用户偏好。
Recommendations:
1. TownePlace Suites Anaheim Maingate Near Angel Stadium - 用户主动要求移至庭院侧后，其余住宿期间非常安静。 | 服务与其他万豪品牌一致，员工友好且乐于助人。",该酒店安静且服务良好，符合用户偏好。,,"{""recommendations"": [{""hotel_id"": ""bfb10d66f821"", ""hotel_name"": ""TownePlace Suites Anaheim Maingate Near Angel Stadium"", ""reasons"": [{""aspect"": ""quiet_sleep"", ""reason_text"": ""用户主动要求移至庭院侧后，其余住宿期间非常安静。"", ""sentence_id"": ""a50fcbdf6353e969_s010""}, {""aspect"": ""service"", ""reason_text"": ""服务与其他万豪品牌一致，员工友好且乐于助人。"", ""sentence_id"": ""58a03e970d581959_s012""}]}], ""summary"": ""该酒店安静且服务良好，符合用户偏好。"", ""unsupported_notice"": """"}",1
blind_002_A,bundle_002,A,我在Anaheim想住得安静一点，但不要服务太差的酒店。,"Summary: 推荐安静睡眠好且服务可靠的Anaheim酒店。
Recommendations:
1. TownePlace Suites Anaheim Maingate Near Angel Stadium - 房间安静舒适，适合好睡眠。 | 整体评价很好，服务令人满意。",推荐安静睡眠好且服务可靠的Anaheim酒店。,,"{""recommendations"": [{""hotel_id"": ""bfb10d66f821"", ""hotel_name"": ""TownePlace Suites Anaheim Maingate Near Angel Stadium"", ""reasons"": [{""aspect"": ""quiet_sleep"", ""reason_text"": ""房间安静舒适，适合好睡眠。"", ""sentence_id"": ""748a79568a9e9fa0_s002""}, {""aspect"": ""service"", ""reason_text"": ""整体评价很好，服务令人满意。"", ""sentence_id"": ""77d425dd3d48b096_s000""}]}], ""summary"": ""推荐安静睡眠好且服务可靠的Anaheim酒店。"", ""unsupported_notice"": """"}",1
blind_002_D,bundle_002,D,我在Anaheim想住得安静一点，但不要服务太差的酒店。,"Summary: 推荐安静睡眠好且服务优秀的Anaheim酒店。
Recommendations:
1. TownePlace Suites Anaheim Maingate Near Angel Stadium - 要求换房后休息非常安静。 | 员工友好且乐于助人。",推荐安静睡眠好且服务优秀的Anaheim酒店。,,"{""recommendations"": [{""hotel_id"": ""bfb10d66f821"", ""hotel_name"": ""TownePlace Suites Anaheim Maingate Near Angel Stadium"", ""reasons"": [{""aspect"": ""quiet_sleep"", ""reason_text"": ""要求换房后休息非常安静。"", ""sentence_id"": ""a50fcbdf6353e969_s010""}, {""aspect"": ""service"", ""reason_text"": ""员工友好且乐于助人。"", ""sentence_id"": ""2243716f0809f255_s002""}]}], ""summary"": ""推荐安静睡眠好且服务优秀的Anaheim酒店。"", ""unsupported_notice"": """"}",1
blind_003_B,bundle_003,B,帮我找Anaheim预算在 600 元以内，而且位置交通不错的酒店。,"Summary: 推荐交通便利的Anaheim酒店，预算支持不足。
Recommendations:
1. TownePlace Suites Anaheim Maingate Near Angel Stadium - 位置非常便利，靠近Honda Center和Anaheim体育场。
Unsupported notice: 用户要求的600元以内预算在证据中未找到支持。",推荐交通便利的Anaheim酒店，预算支持不足。,用户要求的600元以内预算在证据中未找到支持。,"{""recommendations"": [{""hotel_id"": ""bfb10d66f821"", ""hotel_name"": ""TownePlace Suites Anaheim Maingate Near Angel Stadium"", ""reasons"": [{""aspect"": ""location_transport"", ""reason_text"": ""位置非常便利，靠近Honda Center和Anaheim体育场。"", ""sentence_id"": ""68d99b391b76ab76_s000""}]}], ""summary"": ""推荐交通便利的Anaheim酒店，预算支持不足。"", ""unsupported_notice"": ""用户要求的600元以内预算在证据中未找到支持。""}",1
blind_003_D,bundle_003,D,帮我找Anaheim预算在 600 元以内，而且位置交通不错的酒店。,"Summary: 推荐交通便利的Anaheim酒店，但预算支持不足。
Recommendations:
1. TownePlace Suites Anaheim Maingate Near Angel Stadium - 位置非常便利，靠近Honda Center和Anaheim体育场。
Unsupported notice: 用户要求的600元以内预算在证据中未得到支持。",推荐交通便利的Anaheim酒店，但预算支持不足。,用户要求的600元以内预算在证据中未得到支持。,"{""recommendations"": [{""hotel_id"": ""bfb10d66f821"", ""hotel_name"": ""TownePlace Suites Anaheim Maingate Near Angel Stadium"", ""reasons"": [{""aspect"": ""location_transport"", ""reason_text"": ""位置非常便利，靠近Honda Center和Anaheim体育场。"", ""sentence_id"": ""68d99b391b76ab76_s000""}]}], ""summary"": ""推荐交通便利的Anaheim酒店，但预算支持不足。"", ""unsupported_notice"": ""用户要求的600元以内预算在证据中未得到支持。""}",1
blind_003_A,bundle_003,A,帮我找Anaheim预算在 600 元以内，而且位置交通不错的酒店。,"Summary: 推荐Anaheim交通便捷且位置优越的酒店。
Recommendations:
1. TownePlace Suites Anaheim Maingate Near Angel Stadium - 交通位置极佳，靠近多个景点和设施。
Unsupported notice: 用户要求的600元预算限制在现有证据中无法验证。",推荐Anaheim交通便捷且位置优越的酒店。,用户要求的600元预算限制在现有证据中无法验证。,"{""recommendations"": [{""hotel_id"": ""bfb10d66f821"", ""hotel_name"": ""TownePlace Suites Anaheim Maingate Near Angel Stadium"", ""reasons"": [{""aspect"": ""location_transport"", ""reason_text"": ""交通位置极佳，靠近多个景点和设施。"", ""sentence_id"": ""68d99b391b76ab76_s000""}]}], ""summary"": ""推荐Anaheim交通便捷且位置优越的酒店。"", ""unsupported_notice"": ""用户要求的600元预算限制在现有证据中无法验证。""}",1
blind_003_C,bundle_003,C,帮我找Anaheim预算在 600 元以内，而且位置交通不错的酒店。,"Summary: 推荐Anaheim交通便捷且位置优越的酒店。
Recommendations:
1. TownePlace Suites Anaheim Maingate Near Angel Stadium - 交通位置极佳，靠近Honda Center和Anaheim Stadium。 | 步行即可到达Angel Stadium和Honda Center。
Unsupported notice: 用户要求的600元预算限制在现有证据中无法验证。",推荐Anaheim交通便捷且位置优越的酒店。,用户要求的600元预算限制在现有证据中无法验证。,"{""recommendations"": [{""hotel_id"": ""bfb10d66f821"", ""hotel_name"": ""TownePlace Suites Anaheim Maingate Near Angel Stadium"", ""reasons"": [{""aspect"": ""location_transport"", ""reason_text"": ""交通位置极佳，靠近Honda Center和Anaheim Stadium。"", ""sentence_id"": ""68d99b391b76ab76_s000""}, {""aspect"": ""location_transport"", ""reason_text"": ""步行即可到达Angel Stadium和Honda Center。"", ""sentence_id"": ""58a03e970d581959_s000""}]}], ""summary"": ""推荐Anaheim交通便捷且位置优越的酒店。"", ""unsupported_notice"": ""用户要求的600元预算限制在现有证据中无法验证。""}",1
blind_004_A,bundle_004,A,我想在Atlanta找一家卫生干净比较好的酒店。,"Summary: 推荐亚特兰大卫生干净的酒店。
Recommendations:
1. Georgia Tech Hotel Conference Center - 酒店非常干净。 | 房间非常干净舒适。
2. Residence Inn Atlanta Midtown/Peachtree at 17th - 酒店表现不错。 | 房间非常宽敞。",推荐亚特兰大卫生干净的酒店。,,"{""recommendations"": [{""hotel_id"": ""72a9d2fbc96c"", ""hotel_name"": ""Georgia Tech Hotel Conference Center"", ""reasons"": [{""aspect"": ""cleanliness"", ""reason_text"": ""酒店非常干净。"", ""sentence_id"": ""4f7e030a6132d7b7_s000""}, {""aspect"": ""cleanliness"", ""reason_text"": ""房间非常干净舒适。"", ""sentence_id"": ""e22a5ff4dbceef13_s002""}]}, {""hotel_id"": ""bd1ba974bf11"", ""hotel_name"": ""Residence Inn Atlanta Midtown/Peachtree at 17th"", ""reasons"": [{""aspect"": ""cleanliness"", ""reason_text"": ""酒店表现不错。"", ""sentence_id"": ""877849bcb709f0bd_s000""}, {""aspect"": ""cleanliness"", ""reason_text"": ""房间非常宽敞。"", ""sentence_id"": ""588d98086599b735_s005""}]}], ""summary"": ""推荐亚特兰大卫生干净的酒店。"", ""unsupported_notice"": """"}",2
blind_004_C,bundle_004,C,我想在Atlanta找一家卫生干净比较好的酒店。,"Summary: 推荐亚特兰大卫生干净的酒店，首选评分高且用户评价清洁度好的选项。
Recommendations:
1. Georgia Tech Hotel Conference Center - 用户多次评价房间非常干净且舒适。 | 住客反馈房间整洁舒适，整体卫生状况良好。
2. Residence Inn Atlanta Midtown/Peachtree at 17th - 房间非常干净舒适，服务周到。 | 酒店始终保持清洁，设施齐全。",推荐亚特兰大卫生干净的酒店，首选评分高且用户评价清洁度好的选项。,,"{""recommendations"": [{""hotel_id"": ""72a9d2fbc96c"", ""hotel_name"": ""Georgia Tech Hotel Conference Center"", ""reasons"": [{""aspect"": ""cleanliness"", ""reason_text"": ""用户多次评价房间非常干净且舒适。"", ""sentence_id"": ""4f7e030a6132d7b7_s000""}, {""aspect"": ""cleanliness"", ""reason_text"": ""住客反馈房间整洁舒适，整体卫生状况良好。"", ""sentence_id"": ""e22a5ff4dbceef13_s002""}]}, {""hotel_id"": ""bd1ba974bf11"", ""hotel_name"": ""Residence Inn Atlanta Midtown/Peachtree at 17th"", ""reasons"": [{""aspect"": ""cleanliness"", ""reason_text"": ""房间非常干净舒适，服务周到。"", ""sentence_id"": ""a9b0347bca5861dc_s001""}, {""aspect"": ""cleanliness"", ""reason_text"": ""酒店始终保持清洁，设施齐全。"", ""sentence_id"": ""789e445a28355d5c_s004""}]}], ""summary"": ""推荐亚特兰大卫生干净的酒店，首选评分高且用户评价清洁度好的选项。"", ""unsupported_notice"": """"}",2
blind_004_B,bundle_004,B,我想在Atlanta找一家卫生干净比较好的酒店。,"Summary: 推荐Atlanta卫生干净且位置优越的酒店。
Recommendations:
1. Georgia Tech Hotel Conference Center - 房间非常干净舒适。 | 整体卫生状况很好。
2. Residence Inn Atlanta Midtown/Peachtree at 17th - 房间宽敞且干净。 | 整体评价不错。",推荐Atlanta卫生干净且位置优越的酒店。,,"{""recommendations"": [{""hotel_id"": ""72a9d2fbc96c"", ""hotel_name"": ""Georgia Tech Hotel Conference Center"", ""reasons"": [{""aspect"": ""cleanliness"", ""reason_text"": ""房间非常干净舒适。"", ""sentence_id"": ""e22a5ff4dbceef13_s002""}, {""aspect"": ""cleanliness"", ""reason_text"": ""整体卫生状况很好。"", ""sentence_id"": ""4f7e030a6132d7b7_s000""}]}, {""hotel_id"": ""bd1ba974bf11"", ""hotel_name"": ""Residence Inn Atlanta Midtown/Peachtree at 17th"", ""reasons"": [{""aspect"": ""cleanliness"", ""reason_text"": ""房间宽敞且干净。"", ""sentence_id"": ""540633ecaaddf7cb_s003""}, {""aspect"": ""cleanliness"", ""reason_text"": ""整体评价不错。"", ""sentence_id"": ""877849bcb709f0bd_s000""}]}], ""summary"": ""推荐Atlanta卫生干净且位置优越的酒店。"", ""unsupported_notice"": """"}",2
blind_004_D,bundle_004,D,我想在Atlanta找一家卫生干净比较好的酒店。,"Summary: 推荐Atlanta卫生干净且舒适的两家酒店。
Recommendations:
1. Georgia Tech Hotel Conference Center - 房间非常干净舒适。 | 整体卫生状况极佳。
2. Residence Inn Atlanta Midtown/Peachtree at 17th - 房间干净舒适。 | 设施齐全且保持清洁。",推荐Atlanta卫生干净且舒适的两家酒店。,,"{""recommendations"": [{""hotel_id"": ""72a9d2fbc96c"", ""hotel_name"": ""Georgia Tech Hotel Conference Center"", ""reasons"": [{""aspect"": ""cleanliness"", ""reason_text"": ""房间非常干净舒适。"", ""sentence_id"": ""e22a5ff4dbceef13_s002""}, {""aspect"": ""cleanliness"", ""reason_text"": ""整体卫生状况极佳。"", ""sentence_id"": ""4f7e030a6132d7b7_s000""}]}, {""hotel_id"": ""bd1ba974bf11"", ""hotel_name"": ""Residence Inn Atlanta Midtown/Peachtree at 17th"", ""reasons"": [{""aspect"": ""cleanliness"", ""reason_text"": ""房间干净舒适。"", ""sentence_id"": ""a9b0347bca5861dc_s001""}, {""aspect"": ""cleanliness"", ""reason_text"": ""设施齐全且保持清洁。"", ""sentence_id"": ""789e445a28355d5c_s004""}]}], ""summary"": ""推荐Atlanta卫生干净且舒适的两家酒店。"", ""unsupported_notice"": """"}",2
blind_005_C,bundle_005,C,请推荐Atlanta卫生干净和服务都不错的酒店。,"Summary: 推荐亚特兰大卫生与服务俱佳的酒店。
Recommendations:
1. Georgia Tech Hotel Conference Center - 酒店非常干净，房间舒适卫生。 | 地理位置优越，整体体验极佳。
2. Residence Inn Atlanta Midtown/Peachtree at 17th - 房间宽敞整洁，住宿体验不错。 | 员工友好且乐于助人。",推荐亚特兰大卫生与服务俱佳的酒店。,,"{""recommendations"": [{""hotel_id"": ""72a9d2fbc96c"", ""hotel_name"": ""Georgia Tech Hotel Conference Center"", ""reasons"": [{""aspect"": ""cleanliness"", ""reason_text"": ""酒店非常干净，房间舒适卫生。"", ""sentence_id"": ""4f7e030a6132d7b7_s000""}, {""aspect"": ""service"", ""reason_text"": ""地理位置优越，整体体验极佳。"", ""sentence_id"": ""a41988dc4f9a96ef_s000""}]}, {""hotel_id"": ""bd1ba974bf11"", ""hotel_name"": ""Residence Inn Atlanta Midtown/Peachtree at 17th"", ""reasons"": [{""aspect"": ""cleanliness"", ""reason_text"": ""房间宽敞整洁，住宿体验不错。"", ""sentence_id"": ""540633ecaaddf7cb_s003""}, {""aspect"": ""service"", ""reason_text"": ""员工友好且乐于助人。"", ""sentence_id"": ""877849bcb709f0bd_s002""}]}], ""summary"": ""推荐亚特兰大卫生与服务俱佳的酒店。"", ""unsupported_notice"": """"}",2
blind_005_D,bundle_005,D,请推荐Atlanta卫生干净和服务都不错的酒店。,"Summary: 推荐亚特兰大卫生与服务俱佳的两家酒店。
Recommendations:
1. Georgia Tech Hotel Conference Center - 房间非常干净舒适。 | 前台友好欢迎，礼宾员乐于助人。
2. Residence Inn Atlanta Midtown/Peachtree at 17th - 房间干净舒适，设施齐全。 | 员工友好且乐于助人。",推荐亚特兰大卫生与服务俱佳的两家酒店。,,"{""recommendations"": [{""hotel_id"": ""72a9d2fbc96c"", ""hotel_name"": ""Georgia Tech Hotel Conference Center"", ""reasons"": [{""aspect"": ""cleanliness"", ""reason_text"": ""房间非常干净舒适。"", ""sentence_id"": ""e22a5ff4dbceef13_s002""}, {""aspect"": ""service"", ""reason_text"": ""前台友好欢迎，礼宾员乐于助人。"", ""sentence_id"": ""4f7e030a6132d7b7_s005""}]}, {""hotel_id"": ""bd1ba974bf11"", ""hotel_name"": ""Residence Inn Atlanta Midtown/Peachtree at 17th"", ""reasons"": [{""aspect"": ""cleanliness"", ""reason_text"": ""房间干净舒适，设施齐全。"", ""sentence_id"": ""a9b0347bca5861dc_s001""}, {""aspect"": ""service"", ""reason_text"": ""员工友好且乐于助人。"", ""sentence_id"": ""877849bcb709f0bd_s002""}]}], ""summary"": ""推荐亚特兰大卫生与服务俱佳的两家酒店。"", ""unsupported_notice"": """"}",2
blind_005_A,bundle_005,A,请推荐Atlanta卫生干净和服务都不错的酒店。,"Summary: 推荐Atlanta卫生干净且服务优秀的酒店。
Recommendations:
1. Georgia Tech Hotel Conference Center - 房间非常干净舒适。 | 位置极佳，整体体验很好。
2. Residence Inn Atlanta Midtown/Peachtree at 17th - 房间宽敞舒适。 | 员工友好且乐于助人。",推荐Atlanta卫生干净且服务优秀的酒店。,,"{""recommendations"": [{""hotel_id"": ""72a9d2fbc96c"", ""hotel_name"": ""Georgia Tech Hotel Conference Center"", ""reasons"": [{""aspect"": ""cleanliness"", ""reason_text"": ""房间非常干净舒适。"", ""sentence_id"": ""e22a5ff4dbceef13_s002""}, {""aspect"": ""service"", ""reason_text"": ""位置极佳，整体体验很好。"", ""sentence_id"": ""a41988dc4f9a96ef_s000""}]}, {""hotel_id"": ""bd1ba974bf11"", ""hotel_name"": ""Residence Inn Atlanta Midtown/Peachtree at 17th"", ""reasons"": [{""aspect"": ""cleanliness"", ""reason_text"": ""房间宽敞舒适。"", ""sentence_id"": ""588d98086599b735_s005""}, {""aspect"": ""service"", ""reason_text"": ""员工友好且乐于助人。"", ""sentence_id"": ""877849bcb709f0bd_s002""}]}], ""summary"": ""推荐Atlanta卫生干净且服务优秀的酒店。"", ""unsupported_notice"": """"}",2
blind_005_B,bundle_005,B,请推荐Atlanta卫生干净和服务都不错的酒店。,"Summary: 推荐Atlanta卫生干净且服务优秀的酒店。
Recommendations:
1. Georgia Tech Hotel Conference Center - 房间非常干净舒适。 | 前台员工友好且乐于助人。
2. Residence Inn Atlanta Midtown/Peachtree at 17th - 房间干净舒适。 | 员工友好且乐于助人。",推荐Atlanta卫生干净且服务优秀的酒店。,,"{""recommendations"": [{""hotel_id"": ""72a9d2fbc96c"", ""hotel_name"": ""Georgia Tech Hotel Conference Center"", ""reasons"": [{""aspect"": ""cleanliness"", ""reason_text"": ""房间非常干净舒适。"", ""sentence_id"": ""e22a5ff4dbceef13_s002""}, {""aspect"": ""service"", ""reason_text"": ""前台员工友好且乐于助人。"", ""sentence_id"": ""4f7e030a6132d7b7_s005""}]}, {""hotel_id"": ""bd1ba974bf11"", ""hotel_name"": ""Residence Inn Atlanta Midtown/Peachtree at 17th"", ""reasons"": [{""aspect"": ""cleanliness"", ""reason_text"": ""房间干净舒适。"", ""sentence_id"": ""a9b0347bca5861dc_s001""}, {""aspect"": ""service"", ""reason_text"": ""员工友好且乐于助人。"", ""sentence_id"": ""877849bcb709f0bd_s002""}]}], ""summary"": ""推荐Atlanta卫生干净且服务优秀的酒店。"", ""unsupported_notice"": """"}",2
blind_006_C,bundle_006,C,帮我找Atlanta预算在 600 元以内，而且卫生干净不错的酒店。,"Summary: 推荐亚特兰大卫生干净的酒店，但预算需求无证据支持。
Recommendations:
1. Georgia Tech Hotel Conference Center - 酒店非常干净，房间舒适。 | 房间非常干净且舒适。
2. Residence Inn Atlanta Midtown/Peachtree at 17th - 酒店不错，房间很舒适。 | 房间宽敞，配有厨房。
Unsupported notice: 用户要求的600元以内预算在证据中未找到支持信息。",推荐亚特兰大卫生干净的酒店，但预算需求无证据支持。,用户要求的600元以内预算在证据中未找到支持信息。,"{""recommendations"": [{""hotel_id"": ""72a9d2fbc96c"", ""hotel_name"": ""Georgia Tech Hotel Conference Center"", ""reasons"": [{""aspect"": ""cleanliness"", ""reason_text"": ""酒店非常干净，房间舒适。"", ""sentence_id"": ""4f7e030a6132d7b7_s000""}, {""aspect"": ""cleanliness"", ""reason_text"": ""房间非常干净且舒适。"", ""sentence_id"": ""e22a5ff4dbceef13_s002""}]}, {""hotel_id"": ""bd1ba974bf11"", ""hotel_name"": ""Residence Inn Atlanta Midtown/Peachtree at 17th"", ""reasons"": [{""aspect"": ""cleanliness"", ""reason_text"": ""酒店不错，房间很舒适。"", ""sentence_id"": ""877849bcb709f0bd_s000""}, {""aspect"": ""cleanliness"", ""reason_text"": ""房间宽敞，配有厨房。"", ""sentence_id"": ""588d98086599b735_s005""}]}], ""summary"": ""推荐亚特兰大卫生干净的酒店，但预算需求无证据支持。"", ""unsupported_notice"": ""用户要求的600元以内预算在证据中未找到支持信息。""}",2
blind_006_B,bundle_006,B,帮我找Atlanta预算在 600 元以内，而且卫生干净不错的酒店。,"Summary: 推荐亚特兰大卫生干净的酒店，但预算支持不足。
Recommendations:
1. Georgia Tech Hotel Conference Center - 用户评价房间非常干净且舒适。 | 住客反馈房间整洁舒适。
2. Residence Inn Atlanta Midtown/Peachtree at 17th - 酒店大堂干净，房间整洁舒适。 | 住客表示酒店始终保持干净。
Unsupported notice: 用户要求的600元以内预算在现有证据中无法验证，故未包含该条件。",推荐亚特兰大卫生干净的酒店，但预算支持不足。,用户要求的600元以内预算在现有证据中无法验证，故未包含该条件。,"{""recommendations"": [{""hotel_id"": ""72a9d2fbc96c"", ""hotel_name"": ""Georgia Tech Hotel Conference Center"", ""reasons"": [{""aspect"": ""cleanliness"", ""reason_text"": ""用户评价房间非常干净且舒适。"", ""sentence_id"": ""4f7e030a6132d7b7_s000""}, {""aspect"": ""cleanliness"", ""reason_text"": ""住客反馈房间整洁舒适。"", ""sentence_id"": ""e22a5ff4dbceef13_s002""}]}, {""hotel_id"": ""bd1ba974bf11"", ""hotel_name"": ""Residence Inn Atlanta Midtown/Peachtree at 17th"", ""reasons"": [{""aspect"": ""cleanliness"", ""reason_text"": ""酒店大堂干净，房间整洁舒适。"", ""sentence_id"": ""a9b0347bca5861dc_s001""}, {""aspect"": ""cleanliness"", ""reason_text"": ""住客表示酒店始终保持干净。"", ""sentence_id"": ""789e445a28355d5c_s004""}]}], ""summary"": ""推荐亚特兰大卫生干净的酒店，但预算支持不足。"", ""unsupported_notice"": ""用户要求的600元以内预算在现有证据中无法验证，故未包含该条件。""}",2
blind_006_D,bundle_006,D,帮我找Atlanta预算在 600 元以内，而且卫生干净不错的酒店。,"Summary: 推荐Atlanta卫生干净且位置优越的酒店。
Recommendations:
1. Georgia Tech Hotel Conference Center - 房间非常干净舒适。 | 整体卫生状况很好。
Unsupported notice: 用户要求的600元预算限制在现有证据中无法验证。",推荐Atlanta卫生干净且位置优越的酒店。,用户要求的600元预算限制在现有证据中无法验证。,"{""recommendations"": [{""hotel_id"": ""72a9d2fbc96c"", ""hotel_name"": ""Georgia Tech Hotel Conference Center"", ""reasons"": [{""aspect"": ""cleanliness"", ""reason_text"": ""房间非常干净舒适。"", ""sentence_id"": ""e22a5ff4dbceef13_s002""}, {""aspect"": ""cleanliness"", ""reason_text"": ""整体卫生状况很好。"", ""sentence_id"": ""4f7e030a6132d7b7_s000""}]}], ""summary"": ""推荐Atlanta卫生干净且位置优越的酒店。"", ""unsupported_notice"": ""用户要求的600元预算限制在现有证据中无法验证。""}",1
blind_006_A,bundle_006,A,帮我找Atlanta预算在 600 元以内，而且卫生干净不错的酒店。,"Summary: 推荐Atlanta卫生干净且服务良好的酒店。
Recommendations:
1. Georgia Tech Hotel Conference Center - 房间非常干净舒适。 | 房间干净且舒适。
2. Residence Inn Atlanta Midtown/Peachtree at 17th - 房间非常干净舒适。 | 房间始终干净且设施齐全。
Unsupported notice: 用户要求的600元以内预算在现有证据中无法验证。",推荐Atlanta卫生干净且服务良好的酒店。,用户要求的600元以内预算在现有证据中无法验证。,"{""recommendations"": [{""hotel_id"": ""72a9d2fbc96c"", ""hotel_name"": ""Georgia Tech Hotel Conference Center"", ""reasons"": [{""aspect"": ""cleanliness"", ""reason_text"": ""房间非常干净舒适。"", ""sentence_id"": ""4f7e030a6132d7b7_s000""}, {""aspect"": ""cleanliness"", ""reason_text"": ""房间干净且舒适。"", ""sentence_id"": ""e22a5ff4dbceef13_s002""}]}, {""hotel_id"": ""bd1ba974bf11"", ""hotel_name"": ""Residence Inn Atlanta Midtown/Peachtree at 17th"", ""reasons"": [{""aspect"": ""cleanliness"", ""reason_text"": ""房间非常干净舒适。"", ""sentence_id"": ""a9b0347bca5861dc_s001""}, {""aspect"": ""cleanliness"", ""reason_text"": ""房间始终干净且设施齐全。"", ""sentence_id"": ""789e445a28355d5c_s004""}]}], ""summary"": ""推荐Atlanta卫生干净且服务良好的酒店。"", ""unsupported_notice"": ""用户要求的600元以内预算在现有证据中无法验证。""}",2
blind_007_D,bundle_007,D,帮我找Chicago预算在 600 元以内，而且服务不错的酒店。,"Summary: 推荐两家芝加哥服务优秀的酒店，但预算限制无法验证。
Recommendations:
1. Chicago Marriott at Medical District/UIC - 酒店干净且非常欢迎客人。 | 整体而言，这是一家芝加哥的瑰宝。
2. Hampton Inn Chicago Downtown/N Loop/Michigan Ave - 客房和早餐服务很棒。 | 员工非常乐于助人，包括推荐河景游览。
Unsupported notice: 用户要求的600元以内预算限制在当前证据中无法验证。",推荐两家芝加哥服务优秀的酒店，但预算限制无法验证。,用户要求的600元以内预算限制在当前证据中无法验证。,"{""recommendations"": [{""hotel_id"": ""79c2d98fa1cb"", ""hotel_name"": ""Chicago Marriott at Medical District/UIC"", ""reasons"": [{""aspect"": ""service"", ""reason_text"": ""酒店干净且非常欢迎客人。"", ""sentence_id"": ""9506495343631d63_s008""}, {""aspect"": ""service"", ""reason_text"": ""整体而言，这是一家芝加哥的瑰宝。"", ""sentence_id"": ""fe0de34f810dcc8e_s010""}]}, {""hotel_id"": ""7669c6fc99e7"", ""hotel_name"": ""Hampton Inn Chicago Downtown/N Loop/Michigan Ave"", ""reasons"": [{""aspect"": ""service"", ""reason_text"": ""客房和早餐服务很棒。"", ""sentence_id"": ""26297e902507438d_s001""}, {""aspect"": ""service"", ""reason_text"": ""员工非常乐于助人，包括推荐河景游览。"", ""sentence_id"": ""26297e902507438d_s002""}]}], ""summary"": ""推荐两家芝加哥服务优秀的酒店，但预算限制无法验证。"", ""unsupported_notice"": ""用户要求的600元以内预算限制在当前证据中无法验证。""}",2
blind_007_C,bundle_007,C,帮我找Chicago预算在 600 元以内，而且服务不错的酒店。,"Summary: 推荐两家服务良好的芝加哥酒店，但预算限制无法验证。
Recommendations:
1. Chicago Marriott at Medical District/UIC - 员工友好且入住体验良好。 | 服务出色且价格合理。
2. Hampton Inn Chicago Downtown/N Loop/Michigan Ave - 员工非常友好且乐于助人。 | 客房和早餐服务很棒。
Unsupported notice: 用户要求的600元以内预算在证据中未找到支持信息，故未包含价格验证。",推荐两家服务良好的芝加哥酒店，但预算限制无法验证。,用户要求的600元以内预算在证据中未找到支持信息，故未包含价格验证。,"{""recommendations"": [{""hotel_id"": ""79c2d98fa1cb"", ""hotel_name"": ""Chicago Marriott at Medical District/UIC"", ""reasons"": [{""aspect"": ""service"", ""reason_text"": ""员工友好且入住体验良好。"", ""sentence_id"": ""a9b31551cfbd228d_s000""}, {""aspect"": ""service"", ""reason_text"": ""服务出色且价格合理。"", ""sentence_id"": ""9bb9606134929856_s011""}]}, {""hotel_id"": ""7669c6fc99e7"", ""hotel_name"": ""Hampton Inn Chicago Downtown/N Loop/Michigan Ave"", ""reasons"": [{""aspect"": ""service"", ""reason_text"": ""员工非常友好且乐于助人。"", ""sentence_id"": ""70f5d5d92e74cd50_s002""}, {""aspect"": ""service"", ""reason_text"": ""客房和早餐服务很棒。"", ""sentence_id"": ""26297e902507438d_s001""}]}], ""summary"": ""推荐两家服务良好的芝加哥酒店，但预算限制无法验证。"", ""unsupported_notice"": ""用户要求的600元以内预算在证据中未找到支持信息，故未包含价格验证。""}",2
blind_007_B,bundle_007,B,帮我找Chicago预算在 600 元以内，而且服务不错的酒店。,"Summary: 推荐Chicago服务优良且预算友好的酒店。
Recommendations:
1. Hampton Inn Chicago Downtown/N Loop/Michigan Ave - 员工乐于助人并提供推荐。 | 房间和早餐服务都很棒。
Unsupported notice: 用户要求的600元预算限制在现有证据中无法验证。",推荐Chicago服务优良且预算友好的酒店。,用户要求的600元预算限制在现有证据中无法验证。,"{""recommendations"": [{""hotel_id"": ""7669c6fc99e7"", ""hotel_name"": ""Hampton Inn Chicago Downtown/N Loop/Michigan Ave"", ""reasons"": [{""aspect"": ""service"", ""reason_text"": ""员工乐于助人并提供推荐。"", ""sentence_id"": ""26297e902507438d_s002""}, {""aspect"": ""service"", ""reason_text"": ""房间和早餐服务都很棒。"", ""sentence_id"": ""26297e902507438d_s001""}]}], ""summary"": ""推荐Chicago服务优良且预算友好的酒店。"", ""unsupported_notice"": ""用户要求的600元预算限制在现有证据中无法验证。""}",1
blind_007_A,bundle_007,A,帮我找Chicago预算在 600 元以内，而且服务不错的酒店。,"Summary: 推荐Chicago服务优良且性价比高的酒店。
Recommendations:
1. Chicago Marriott at Medical District/UIC - 员工友好且入住流程顺畅。 | 整体服务与设施令人满意。
2. Hampton Inn Chicago Downtown/N Loop/Michigan Ave - 员工乐于助人并提供推荐。 | 前台接待非常友好且高效。
Unsupported notice: 用户要求的600元预算限制在现有证据中无法验证。",推荐Chicago服务优良且性价比高的酒店。,用户要求的600元预算限制在现有证据中无法验证。,"{""recommendations"": [{""hotel_id"": ""79c2d98fa1cb"", ""hotel_name"": ""Chicago Marriott at Medical District/UIC"", ""reasons"": [{""aspect"": ""service"", ""reason_text"": ""员工友好且入住流程顺畅。"", ""sentence_id"": ""a9b31551cfbd228d_s000""}, {""aspect"": ""service"", ""reason_text"": ""整体服务与设施令人满意。"", ""sentence_id"": ""58dc0b366217a240_s014""}]}, {""hotel_id"": ""7669c6fc99e7"", ""hotel_name"": ""Hampton Inn Chicago Downtown/N Loop/Michigan Ave"", ""reasons"": [{""aspect"": ""service"", ""reason_text"": ""员工乐于助人并提供推荐。"", ""sentence_id"": ""26297e902507438d_s002""}, {""aspect"": ""service"", ""reason_text"": ""前台接待非常友好且高效。"", ""sentence_id"": ""70f5d5d92e74cd50_s002""}]}], ""summary"": ""推荐Chicago服务优良且性价比高的酒店。"", ""unsupported_notice"": ""用户要求的600元预算限制在现有证据中无法验证。""}",2
blind_008_D,bundle_008,D,我想在Chicago找一家离景点步行 10 分钟内、而且房间设施好的酒店。,"Summary: 推荐两家芝加哥设施优良且位置便利的酒店。
Recommendations:
1. Hampton Inn Chicago Downtown/N Loop/Michigan Ave - 房间服务与设施表现优秀。 | 房间舒适且位置极佳。
2. Chicago Marriott at Medical District/UIC - 房间尺寸适宜且设施整洁。 | 整体环境干净，服务友好。",推荐两家芝加哥设施优良且位置便利的酒店。,,"{""recommendations"": [{""hotel_id"": ""7669c6fc99e7"", ""hotel_name"": ""Hampton Inn Chicago Downtown/N Loop/Michigan Ave"", ""reasons"": [{""aspect"": ""room_facilities"", ""reason_text"": ""房间服务与设施表现优秀。"", ""sentence_id"": ""26297e902507438d_s001""}, {""aspect"": ""room_facilities"", ""reason_text"": ""房间舒适且位置极佳。"", ""sentence_id"": ""70f5d5d92e74cd50_s001""}]}, {""hotel_id"": ""79c2d98fa1cb"", ""hotel_name"": ""Chicago Marriott at Medical District/UIC"", ""reasons"": [{""aspect"": ""room_facilities"", ""reason_text"": ""房间尺寸适宜且设施整洁。"", ""sentence_id"": ""c406dcc729c5503f_s002""}, {""aspect"": ""room_facilities"", ""reason_text"": ""整体环境干净，服务友好。"", ""sentence_id"": ""57aabee8f813a19b_s000""}]}], ""summary"": ""推荐两家芝加哥设施优良且位置便利的酒店。"", ""unsupported_notice"": """"}",2
blind_008_B,bundle_008,B,我想在Chicago找一家离景点步行 10 分钟内、而且房间设施好的酒店。,"Summary: 推荐两家芝加哥设施优良的酒店，但无法验证步行距离。
Recommendations:
1. Hampton Inn Chicago Downtown/N Loop/Michigan Ave - 房间舒适且视野极佳，住客对房间非常满意。 | 房间设施优秀，拥有绝佳的河流景观。
2. Chicago Marriott at Medical District/UIC - 房间尺寸适中，浴室空间良好。 | 床垫为定制款，品质优良。
Unsupported notice: 证据中未包含关于景点步行距离的信息，无法验证该需求。",推荐两家芝加哥设施优良的酒店，但无法验证步行距离。,证据中未包含关于景点步行距离的信息，无法验证该需求。,"{""recommendations"": [{""hotel_id"": ""7669c6fc99e7"", ""hotel_name"": ""Hampton Inn Chicago Downtown/N Loop/Michigan Ave"", ""reasons"": [{""aspect"": ""room_facilities"", ""reason_text"": ""房间舒适且视野极佳，住客对房间非常满意。"", ""sentence_id"": ""60c4e5df8c859e75_s000""}, {""aspect"": ""room_facilities"", ""reason_text"": ""房间设施优秀，拥有绝佳的河流景观。"", ""sentence_id"": ""4d41af7e95defdf8_s001""}]}, {""hotel_id"": ""79c2d98fa1cb"", ""hotel_name"": ""Chicago Marriott at Medical District/UIC"", ""reasons"": [{""aspect"": ""room_facilities"", ""reason_text"": ""房间尺寸适中，浴室空间良好。"", ""sentence_id"": ""c406dcc729c5503f_s002""}, {""aspect"": ""room_facilities"", ""reason_text"": ""床垫为定制款，品质优良。"", ""sentence_id"": ""64a198c9f6ff9412_s013""}]}], ""summary"": ""推荐两家芝加哥设施优良的酒店，但无法验证步行距离。"", ""unsupported_notice"": ""证据中未包含关于景点步行距离的信息，无法验证该需求。""}",2
blind_008_A,bundle_008,A,我想在Chicago找一家离景点步行 10 分钟内、而且房间设施好的酒店。,"Summary: 推荐Chicago设施优良且位置便利的酒店。
Recommendations:
1. Hampton Inn Chicago Downtown/N Loop/Michigan Ave - 房间服务与设施评价良好。 | 房间舒适但空间适中。
2. Chicago Marriott at Medical District/UIC - 房间尺寸与卫生状况优秀。 | 整体干净且设施不错。
Unsupported notice: 无法验证步行 10 分钟到达景点的证据。",推荐Chicago设施优良且位置便利的酒店。,无法验证步行 10 分钟到达景点的证据。,"{""recommendations"": [{""hotel_id"": ""7669c6fc99e7"", ""hotel_name"": ""Hampton Inn Chicago Downtown/N Loop/Michigan Ave"", ""reasons"": [{""aspect"": ""room_facilities"", ""reason_text"": ""房间服务与设施评价良好。"", ""sentence_id"": ""26297e902507438d_s001""}, {""aspect"": ""room_facilities"", ""reason_text"": ""房间舒适但空间适中。"", ""sentence_id"": ""60c4e5df8c859e75_s001""}]}, {""hotel_id"": ""79c2d98fa1cb"", ""hotel_name"": ""Chicago Marriott at Medical District/UIC"", ""reasons"": [{""aspect"": ""room_facilities"", ""reason_text"": ""房间尺寸与卫生状况优秀。"", ""sentence_id"": ""c406dcc729c5503f_s002""}, {""aspect"": ""room_facilities"", ""reason_text"": ""整体干净且设施不错。"", ""sentence_id"": ""57aabee8f813a19b_s000""}]}], ""summary"": ""推荐Chicago设施优良且位置便利的酒店。"", ""unsupported_notice"": ""无法验证步行 10 分钟到达景点的证据。""}",2
blind_008_C,bundle_008,C,我想在Chicago找一家离景点步行 10 分钟内、而且房间设施好的酒店。,"Summary: 推荐Chicago设施优良且房间舒适的酒店。
Recommendations:
1. Hampton Inn Chicago Downtown/N Loop/Michigan Ave - 房间宽敞舒适，视野极佳。 | 房间设施令人满意，景观优美。
2. Chicago Marriott at Medical District/UIC - 房间尺寸合适，设施良好。 | 床垫舒适，配置专业。
Unsupported notice: 无法验证酒店是否满足景点步行 10 分钟内的要求。",推荐Chicago设施优良且房间舒适的酒店。,无法验证酒店是否满足景点步行 10 分钟内的要求。,"{""recommendations"": [{""hotel_id"": ""7669c6fc99e7"", ""hotel_name"": ""Hampton Inn Chicago Downtown/N Loop/Michigan Ave"", ""reasons"": [{""aspect"": ""room_facilities"", ""reason_text"": ""房间宽敞舒适，视野极佳。"", ""sentence_id"": ""60c4e5df8c859e75_s000""}, {""aspect"": ""room_facilities"", ""reason_text"": ""房间设施令人满意，景观优美。"", ""sentence_id"": ""4d41af7e95defdf8_s001""}]}, {""hotel_id"": ""79c2d98fa1cb"", ""hotel_name"": ""Chicago Marriott at Medical District/UIC"", ""reasons"": [{""aspect"": ""room_facilities"", ""reason_text"": ""房间尺寸合适，设施良好。"", ""sentence_id"": ""c406dcc729c5503f_s002""}, {""aspect"": ""room_facilities"", ""reason_text"": ""床垫舒适，配置专业。"", ""sentence_id"": ""64a198c9f6ff9412_s013""}]}], ""summary"": ""推荐Chicago设施优良且房间舒适的酒店。"", ""unsupported_notice"": ""无法验证酒店是否满足景点步行 10 分钟内的要求。""}",2
blind_009_C,bundle_009,C,我想在New Orleans找一家离景点步行 10 分钟内、而且位置交通好的酒店。,"Summary: 推荐两家新奥尔良交通便利的酒店。
Recommendations:
1. St. James Hotel, an Ascend Hotel Collection Member - 酒店位于绝佳位置。
2. Best Western Plus French Quarter Landmark Hotel - 酒店位于良好位置。",推荐两家新奥尔良交通便利的酒店。,,"{""recommendations"": [{""hotel_id"": ""75334fbbe64c"", ""hotel_name"": ""St. James Hotel, an Ascend Hotel Collection Member"", ""reasons"": [{""aspect"": ""location_transport"", ""reason_text"": ""酒店位于绝佳位置。"", ""sentence_id"": ""fe40f20851ce5cdf_s000""}]}, {""hotel_id"": ""445d9279fa58"", ""hotel_name"": ""Best Western Plus French Quarter Landmark Hotel"", ""reasons"": [{""aspect"": ""location_transport"", ""reason_text"": ""酒店位于良好位置。"", ""sentence_id"": ""d58c047dc7d8f929_s000""}]}], ""summary"": ""推荐两家新奥尔良交通便利的酒店。"", ""unsupported_notice"": """"}",2
blind_009_D,bundle_009,D,我想在New Orleans找一家离景点步行 10 分钟内、而且位置交通好的酒店。,"Summary: 推荐两家新奥尔良交通便利的酒店。
Recommendations:
1. St. James Hotel, an Ascend Hotel Collection Member - 酒店位于新奥尔良景点的合理步行距离内。 | 酒店位置极佳，非常靠近法国区。
2. Best Western Plus French Quarter Landmark Hotel - 酒店位于法国区边缘，但可轻松步行至市中心。 | 酒店位置良好。",推荐两家新奥尔良交通便利的酒店。,,"{""recommendations"": [{""hotel_id"": ""75334fbbe64c"", ""hotel_name"": ""St. James Hotel, an Ascend Hotel Collection Member"", ""reasons"": [{""aspect"": ""location_transport"", ""reason_text"": ""酒店位于新奥尔良景点的合理步行距离内。"", ""sentence_id"": ""e0eb47498dba499b_s006""}, {""aspect"": ""location_transport"", ""reason_text"": ""酒店位置极佳，非常靠近法国区。"", ""sentence_id"": ""d7e5e87b423db055_s000""}]}, {""hotel_id"": ""445d9279fa58"", ""hotel_name"": ""Best Western Plus French Quarter Landmark Hotel"", ""reasons"": [{""aspect"": ""location_transport"", ""reason_text"": ""酒店位于法国区边缘，但可轻松步行至市中心。"", ""sentence_id"": ""667beb34e7d7221a_s000""}, {""aspect"": ""location_transport"", ""reason_text"": ""酒店位置良好。"", ""sentence_id"": ""d58c047dc7d8f929_s000""}]}], ""summary"": ""推荐两家新奥尔良交通便利的酒店。"", ""unsupported_notice"": """"}",2
blind_009_B,bundle_009,B,我想在New Orleans找一家离景点步行 10 分钟内、而且位置交通好的酒店。,"Summary: 推荐新奥尔良交通位置优越的酒店。
Recommendations:
1. St. James Hotel, an Ascend Hotel Collection Member - 位置极佳，适合出行。 | 地段优越，服务友好。
2. Best Western Plus French Quarter Landmark Hotel - 位置良好，入住舒适。
Unsupported notice: 用户要求的步行 10 分钟到景点在证据中无法验证。",推荐新奥尔良交通位置优越的酒店。,用户要求的步行 10 分钟到景点在证据中无法验证。,"{""recommendations"": [{""hotel_id"": ""75334fbbe64c"", ""hotel_name"": ""St. James Hotel, an Ascend Hotel Collection Member"", ""reasons"": [{""aspect"": ""location_transport"", ""reason_text"": ""位置极佳，适合出行。"", ""sentence_id"": ""fe40f20851ce5cdf_s000""}, {""aspect"": ""location_transport"", ""reason_text"": ""地段优越，服务友好。"", ""sentence_id"": ""ddfe01ae6b76cea1_s000""}]}, {""hotel_id"": ""445d9279fa58"", ""hotel_name"": ""Best Western Plus French Quarter Landmark Hotel"", ""reasons"": [{""aspect"": ""location_transport"", ""reason_text"": ""位置良好，入住舒适。"", ""sentence_id"": ""d58c047dc7d8f929_s000""}]}], ""summary"": ""推荐新奥尔良交通位置优越的酒店。"", ""unsupported_notice"": ""用户要求的步行 10 分钟到景点在证据中无法验证。""}",2
blind_009_A,bundle_009,A,我想在New Orleans找一家离景点步行 10 分钟内、而且位置交通好的酒店。,"Summary: 推荐新奥尔良交通位置优越且步行便利的酒店。
Recommendations:
1. St. James Hotel, an Ascend Hotel Collection Member - 位置极佳，步行即可到达主要景点。 | 位于市中心，靠近法国区，交通十分便利。
2. Best Western Plus French Quarter Landmark Hotel - 位置良好，步行即可到达景点核心。 | 虽在边缘但步行距离很近，交通方便。
Unsupported notice: 无法验证步行 10 分钟内到达特定景点的证据。",推荐新奥尔良交通位置优越且步行便利的酒店。,无法验证步行 10 分钟内到达特定景点的证据。,"{""recommendations"": [{""hotel_id"": ""75334fbbe64c"", ""hotel_name"": ""St. James Hotel, an Ascend Hotel Collection Member"", ""reasons"": [{""aspect"": ""location_transport"", ""reason_text"": ""位置极佳，步行即可到达主要景点。"", ""sentence_id"": ""e0eb47498dba499b_s006""}, {""aspect"": ""location_transport"", ""reason_text"": ""位于市中心，靠近法国区，交通十分便利。"", ""sentence_id"": ""d7e5e87b423db055_s000""}]}, {""hotel_id"": ""445d9279fa58"", ""hotel_name"": ""Best Western Plus French Quarter Landmark Hotel"", ""reasons"": [{""aspect"": ""location_transport"", ""reason_text"": ""位置良好，步行即可到达景点核心。"", ""sentence_id"": ""d58c047dc7d8f929_s000""}, {""aspect"": ""location_transport"", ""reason_text"": ""虽在边缘但步行距离很近，交通方便。"", ""sentence_id"": ""667beb34e7d7221a_s000""}]}], ""summary"": ""推荐新奥尔良交通位置优越且步行便利的酒店。"", ""unsupported_notice"": ""无法验证步行 10 分钟内到达特定景点的证据。""}",2
blind_010_A,bundle_010,A,我想在Orlando找一家位置交通比较好的酒店。,"Summary: 推荐两家Orlando交通位置便利的酒店。
Recommendations:
1. Orlando Continental Plaza Hotel - 位置极佳，公园易于到达。 | 酒店位置非常棒。
2. Best Western Orlando East Inn & Suites - 位置非常方便。 | 适合度假或商务的好位置。",推荐两家Orlando交通位置便利的酒店。,,"{""recommendations"": [{""hotel_id"": ""e0eeae8afde3"", ""hotel_name"": ""Orlando Continental Plaza Hotel"", ""reasons"": [{""aspect"": ""location_transport"", ""reason_text"": ""位置极佳，公园易于到达。"", ""sentence_id"": ""260ed33340e4cf63_s005""}, {""aspect"": ""location_transport"", ""reason_text"": ""酒店位置非常棒。"", ""sentence_id"": ""a5c2f145aa7bec68_s006""}]}, {""hotel_id"": ""98bd44439ff5"", ""hotel_name"": ""Best Western Orlando East Inn & Suites"", ""reasons"": [{""aspect"": ""location_transport"", ""reason_text"": ""位置非常方便。"", ""sentence_id"": ""678cdefb30f1f0cc_s004""}, {""aspect"": ""location_transport"", ""reason_text"": ""适合度假或商务的好位置。"", ""sentence_id"": ""53933b6bd4c89715_s000""}]}], ""summary"": ""推荐两家Orlando交通位置便利的酒店。"", ""unsupported_notice"": """"}",2
blind_010_B,bundle_010,B,我想在Orlando找一家位置交通比较好的酒店。,"Summary: 推荐两家Orlando交通位置便利的酒店。
Recommendations:
1. Orlando Continental Plaza Hotel - 位置极佳，步行可达多家餐厅并方便乘坐公交。 | 可步行至众多餐厅，且能乘坐公交前往奥兰多各地。
2. Best Western Orlando East Inn & Suites - 位于繁忙街道，方便前往奥兰多所有区域。 | 靠近奥兰多桑福德国际机场，交通十分便捷。",推荐两家Orlando交通位置便利的酒店。,,"{""recommendations"": [{""hotel_id"": ""e0eeae8afde3"", ""hotel_name"": ""Orlando Continental Plaza Hotel"", ""reasons"": [{""aspect"": ""location_transport"", ""reason_text"": ""位置极佳，步行可达多家餐厅并方便乘坐公交。"", ""sentence_id"": ""260ed33340e4cf63_s005""}, {""aspect"": ""location_transport"", ""reason_text"": ""可步行至众多餐厅，且能乘坐公交前往奥兰多各地。"", ""sentence_id"": ""c853e1650f949d22_s029""}]}, {""hotel_id"": ""98bd44439ff5"", ""hotel_name"": ""Best Western Orlando East Inn & Suites"", ""reasons"": [{""aspect"": ""location_transport"", ""reason_text"": ""位于繁忙街道，方便前往奥兰多所有区域。"", ""sentence_id"": ""d84997daa278ff03_s000""}, {""aspect"": ""location_transport"", ""reason_text"": ""靠近奥兰多桑福德国际机场，交通十分便捷。"", ""sentence_id"": ""0389b211be86be67_s000""}]}], ""summary"": ""推荐两家Orlando交通位置便利的酒店。"", ""unsupported_notice"": """"}",2
blind_010_D,bundle_010,D,我想在Orlando找一家位置交通比较好的酒店。,"Summary: 推荐Orlando交通位置优越的酒店。
Recommendations:
1. Orlando Continental Plaza Hotel - 位置极佳，公园交通方便。 | 景点交通非常便利。
2. Best Western Orlando East Inn & Suites - 位置非常便利。 | 适合度假或商务，位置良好。",推荐Orlando交通位置优越的酒店。,,"{""recommendations"": [{""hotel_id"": ""e0eeae8afde3"", ""hotel_name"": ""Orlando Continental Plaza Hotel"", ""reasons"": [{""aspect"": ""location_transport"", ""reason_text"": ""位置极佳，公园交通方便。"", ""sentence_id"": ""260ed33340e4cf63_s005""}, {""aspect"": ""location_transport"", ""reason_text"": ""景点交通非常便利。"", ""sentence_id"": ""260ed33340e4cf63_s007""}]}, {""hotel_id"": ""98bd44439ff5"", ""hotel_name"": ""Best Western Orlando East Inn & Suites"", ""reasons"": [{""aspect"": ""location_transport"", ""reason_text"": ""位置非常便利。"", ""sentence_id"": ""678cdefb30f1f0cc_s004""}, {""aspect"": ""location_transport"", ""reason_text"": ""适合度假或商务，位置良好。"", ""sentence_id"": ""53933b6bd4c89715_s000""}]}], ""summary"": ""推荐Orlando交通位置优越的酒店。"", ""unsupported_notice"": """"}",2
blind_010_C,bundle_010,C,我想在Orlando找一家位置交通比较好的酒店。,"Summary: 推荐Orlando交通位置便利的酒店。
Recommendations:
1. Orlando Continental Plaza Hotel - 步行可达多家餐厅且可乘公交前往 Orlando 各地。 | 位置极佳，步行至餐厅并搭乘公交十分方便。
2. Best Western Orlando East Inn & Suites - 位置优越，步行即可到达 Orlando 各区。 | 距离 Orlando Sanford 国际机场仅几步之遥。",推荐Orlando交通位置便利的酒店。,,"{""recommendations"": [{""hotel_id"": ""e0eeae8afde3"", ""hotel_name"": ""Orlando Continental Plaza Hotel"", ""reasons"": [{""aspect"": ""location_transport"", ""reason_text"": ""步行可达多家餐厅且可乘公交前往 Orlando 各地。"", ""sentence_id"": ""260ed33340e4cf63_s005""}, {""aspect"": ""location_transport"", ""reason_text"": ""位置极佳，步行至餐厅并搭乘公交十分方便。"", ""sentence_id"": ""c853e1650f949d22_s029""}]}, {""hotel_id"": ""98bd44439ff5"", ""hotel_name"": ""Best Western Orlando East Inn & Suites"", ""reasons"": [{""aspect"": ""location_transport"", ""reason_text"": ""位置优越，步行即可到达 Orlando 各区。"", ""sentence_id"": ""d84997daa278ff03_s000""}, {""aspect"": ""location_transport"", ""reason_text"": ""距离 Orlando Sanford 国际机场仅几步之遥。"", ""sentence_id"": ""0389b211be86be67_s000""}]}], ""summary"": ""推荐Orlando交通位置便利的酒店。"", ""unsupported_notice"": """"}",2
blind_011_D,bundle_011,D,帮我找Orlando预算在 600 元以内，而且位置交通不错的酒店。,"Summary: 推荐两家Orlando交通便利的酒店，预算支持待确认。
Recommendations:
1. Orlando Continental Plaza Hotel - 位置极佳，公园易于到达。 | 位置非常棒。
2. Best Western Orlando East Inn & Suites - 位置非常方便。 | 适合度假或商务，位置良好。
Unsupported notice: 用户要求的600元预算限制在现有证据中未找到支持，故未包含该条件。",推荐两家Orlando交通便利的酒店，预算支持待确认。,用户要求的600元预算限制在现有证据中未找到支持，故未包含该条件。,"{""recommendations"": [{""hotel_id"": ""e0eeae8afde3"", ""hotel_name"": ""Orlando Continental Plaza Hotel"", ""reasons"": [{""aspect"": ""location_transport"", ""reason_text"": ""位置极佳，公园易于到达。"", ""sentence_id"": ""260ed33340e4cf63_s005""}, {""aspect"": ""location_transport"", ""reason_text"": ""位置非常棒。"", ""sentence_id"": ""a5c2f145aa7bec68_s006""}]}, {""hotel_id"": ""98bd44439ff5"", ""hotel_name"": ""Best Western Orlando East Inn & Suites"", ""reasons"": [{""aspect"": ""location_transport"", ""reason_text"": ""位置非常方便。"", ""sentence_id"": ""678cdefb30f1f0cc_s004""}, {""aspect"": ""location_transport"", ""reason_text"": ""适合度假或商务，位置良好。"", ""sentence_id"": ""53933b6bd4c89715_s000""}]}], ""summary"": ""推荐两家Orlando交通便利的酒店，预算支持待确认。"", ""unsupported_notice"": ""用户要求的600元预算限制在现有证据中未找到支持，故未包含该条件。""}",2
blind_011_A,bundle_011,A,帮我找Orlando预算在 600 元以内，而且位置交通不错的酒店。,"Summary: 推荐两家Orlando交通便利的酒店，预算支持不足。
Recommendations:
1. Orlando Continental Plaza Hotel - 位置极佳，步行可达多家餐厅并方便乘坐公交。 | 可步行至众多餐厅，且能乘坐公交前往奥兰多各地。
2. Best Western Orlando East Inn & Suites - 位置便利，靠近奥兰多桑福德国际机场。 | 位于繁忙街道，方便前往奥兰多各个区域。
Unsupported notice: 用户要求的600元以内预算在证据中未找到支持信息。",推荐两家Orlando交通便利的酒店，预算支持不足。,用户要求的600元以内预算在证据中未找到支持信息。,"{""recommendations"": [{""hotel_id"": ""e0eeae8afde3"", ""hotel_name"": ""Orlando Continental Plaza Hotel"", ""reasons"": [{""aspect"": ""location_transport"", ""reason_text"": ""位置极佳，步行可达多家餐厅并方便乘坐公交。"", ""sentence_id"": ""260ed33340e4cf63_s005""}, {""aspect"": ""location_transport"", ""reason_text"": ""可步行至众多餐厅，且能乘坐公交前往奥兰多各地。"", ""sentence_id"": ""c853e1650f949d22_s029""}]}, {""hotel_id"": ""98bd44439ff5"", ""hotel_name"": ""Best Western Orlando East Inn & Suites"", ""reasons"": [{""aspect"": ""location_transport"", ""reason_text"": ""位置便利，靠近奥兰多桑福德国际机场。"", ""sentence_id"": ""0389b211be86be67_s000""}, {""aspect"": ""location_transport"", ""reason_text"": ""位于繁忙街道，方便前往奥兰多各个区域。"", ""sentence_id"": ""d84997daa278ff03_s000""}]}], ""summary"": ""推荐两家Orlando交通便利的酒店，预算支持不足。"", ""unsupported_notice"": ""用户要求的600元以内预算在证据中未找到支持信息。""}",2
blind_011_C,bundle_011,C,帮我找Orlando预算在 600 元以内，而且位置交通不错的酒店。,"Summary: 推荐Orlando交通位置优良且性价比高的酒店。
Recommendations:
1. Orlando Continental Plaza Hotel - 位置极佳，公园交通方便。 | 景点交通非常便利。
2. Best Western Orlando East Inn & Suites - 位置交通十分便利。 | 适合度假或商务，位置良好。
Unsupported notice: 用户要求的600元以内预算在现有证据中无法验证。",推荐Orlando交通位置优良且性价比高的酒店。,用户要求的600元以内预算在现有证据中无法验证。,"{""recommendations"": [{""hotel_id"": ""e0eeae8afde3"", ""hotel_name"": ""Orlando Continental Plaza Hotel"", ""reasons"": [{""aspect"": ""location_transport"", ""reason_text"": ""位置极佳，公园交通方便。"", ""sentence_id"": ""260ed33340e4cf63_s005""}, {""aspect"": ""location_transport"", ""reason_text"": ""景点交通非常便利。"", ""sentence_id"": ""260ed33340e4cf63_s007""}]}, {""hotel_id"": ""98bd44439ff5"", ""hotel_name"": ""Best Western Orlando East Inn & Suites"", ""reasons"": [{""aspect"": ""location_transport"", ""reason_text"": ""位置交通十分便利。"", ""sentence_id"": ""678cdefb30f1f0cc_s004""}, {""aspect"": ""location_transport"", ""reason_text"": ""适合度假或商务，位置良好。"", ""sentence_id"": ""53933b6bd4c89715_s000""}]}], ""summary"": ""推荐Orlando交通位置优良且性价比高的酒店。"", ""unsupported_notice"": ""用户要求的600元以内预算在现有证据中无法验证。""}",2
blind_011_B,bundle_011,B,帮我找Orlando预算在 600 元以内，而且位置交通不错的酒店。,"Summary: 推荐Orlando交通便捷且位置优越的酒店。
Recommendations:
1. Orlando Continental Plaza Hotel - 步行可达多家餐厅，且可乘公交前往 Orlando 各地。 | 位置极佳，步行至餐厅方便，公交覆盖全城。
Unsupported notice: 用户要求的 600 元以内预算在现有证据中无法验证。",推荐Orlando交通便捷且位置优越的酒店。,用户要求的 600 元以内预算在现有证据中无法验证。,"{""recommendations"": [{""hotel_id"": ""e0eeae8afde3"", ""hotel_name"": ""Orlando Continental Plaza Hotel"", ""reasons"": [{""aspect"": ""location_transport"", ""reason_text"": ""步行可达多家餐厅，且可乘公交前往 Orlando 各地。"", ""sentence_id"": ""260ed33340e4cf63_s005""}, {""aspect"": ""location_transport"", ""reason_text"": ""位置极佳，步行至餐厅方便，公交覆盖全城。"", ""sentence_id"": ""c853e1650f949d22_s029""}]}], ""summary"": ""推荐Orlando交通便捷且位置优越的酒店。"", ""unsupported_notice"": ""用户要求的 600 元以内预算在现有证据中无法验证。""}",1
blind_012_B,bundle_012,B,请推荐San Diego卫生干净和服务都不错的酒店。,"Summary: 推荐San Diego卫生与服务俱佳的酒店。
Recommendations:
1. Ocean Park Inn - 房间干净舒适，设施更新。 | 维护人员礼貌且响应迅速。
2. Hampton Inn San Diego/Mission Valley - 房间整洁舒适。 | 员工非常友好且乐于助人。",推荐San Diego卫生与服务俱佳的酒店。,,"{""recommendations"": [{""hotel_id"": ""4ba7bdc9b246"", ""hotel_name"": ""Ocean Park Inn"", ""reasons"": [{""aspect"": ""cleanliness"", ""reason_text"": ""房间干净舒适，设施更新。"", ""sentence_id"": ""be90326d3c9cf0f5_s004""}, {""aspect"": ""service"", ""reason_text"": ""维护人员礼貌且响应迅速。"", ""sentence_id"": ""665a5dc6c3e75b46_s011""}]}, {""hotel_id"": ""7213d9173df3"", ""hotel_name"": ""Hampton Inn San Diego/Mission Valley"", ""reasons"": [{""aspect"": ""cleanliness"", ""reason_text"": ""房间整洁舒适。"", ""sentence_id"": ""fe9b19e62e42c0d8_s007""}, {""aspect"": ""service"", ""reason_text"": ""员工非常友好且乐于助人。"", ""sentence_id"": ""627cc84e2e9930bd_s024""}]}], ""summary"": ""推荐San Diego卫生与服务俱佳的酒店。"", ""unsupported_notice"": """"}",2
blind_012_D,bundle_012,D,请推荐San Diego卫生干净和服务都不错的酒店。,"Summary: 推荐San Diego卫生与服务俱佳的酒店。
Recommendations:
1. Ocean Park Inn - 客房及酒店整体非常干净且更新及时。 | 员工非常友好、乐于助人且响应迅速。
2. Hampton Inn San Diego/Mission Valley - 房间干净，酒店设施整洁。 | 所有员工都非常友好且乐于助人。",推荐San Diego卫生与服务俱佳的酒店。,,"{""recommendations"": [{""hotel_id"": ""4ba7bdc9b246"", ""hotel_name"": ""Ocean Park Inn"", ""reasons"": [{""aspect"": ""cleanliness"", ""reason_text"": ""客房及酒店整体非常干净且更新及时。"", ""sentence_id"": ""daff2592f3c3b6f3_s003""}, {""aspect"": ""service"", ""reason_text"": ""员工非常友好、乐于助人且响应迅速。"", ""sentence_id"": ""7689e874d3a835fd_s000""}]}, {""hotel_id"": ""7213d9173df3"", ""hotel_name"": ""Hampton Inn San Diego/Mission Valley"", ""reasons"": [{""aspect"": ""cleanliness"", ""reason_text"": ""房间干净，酒店设施整洁。"", ""sentence_id"": ""e8ac16238c6cb44a_s000""}, {""aspect"": ""service"", ""reason_text"": ""所有员工都非常友好且乐于助人。"", ""sentence_id"": ""627cc84e2e9930bd_s024""}]}], ""summary"": ""推荐San Diego卫生与服务俱佳的酒店。"", ""unsupported_notice"": """"}",2
blind_012_C,bundle_012,C,请推荐San Diego卫生干净和服务都不错的酒店。,"Summary: 推荐San Diego卫生干净且服务优秀的酒店。
Recommendations:
1. Ocean Park Inn - 房间干净舒适。 | 维护人员礼貌且响应迅速。
2. Hampton Inn San Diego/Mission Valley - 房间干净舒适。 | 员工非常友好且乐于助人。",推荐San Diego卫生干净且服务优秀的酒店。,,"{""recommendations"": [{""hotel_id"": ""4ba7bdc9b246"", ""hotel_name"": ""Ocean Park Inn"", ""reasons"": [{""aspect"": ""cleanliness"", ""reason_text"": ""房间干净舒适。"", ""sentence_id"": ""be90326d3c9cf0f5_s004""}, {""aspect"": ""service"", ""reason_text"": ""维护人员礼貌且响应迅速。"", ""sentence_id"": ""665a5dc6c3e75b46_s011""}]}, {""hotel_id"": ""7213d9173df3"", ""hotel_name"": ""Hampton Inn San Diego/Mission Valley"", ""reasons"": [{""aspect"": ""cleanliness"", ""reason_text"": ""房间干净舒适。"", ""sentence_id"": ""fe9b19e62e42c0d8_s007""}, {""aspect"": ""service"", ""reason_text"": ""员工非常友好且乐于助人。"", ""sentence_id"": ""627cc84e2e9930bd_s024""}]}], ""summary"": ""推荐San Diego卫生干净且服务优秀的酒店。"", ""unsupported_notice"": """"}",2
blind_012_A,bundle_012,A,请推荐San Diego卫生干净和服务都不错的酒店。,"Summary: 推荐San Diego卫生干净且服务优秀的酒店。
Recommendations:
1. Ocean Park Inn - 房间干净舒适，设施更新。 | 员工友好且乐于助人。
2. Hampton Inn San Diego/Mission Valley - 房间整洁，入住体验好。 | 员工友好且乐于助人。",推荐San Diego卫生干净且服务优秀的酒店。,,"{""recommendations"": [{""hotel_id"": ""4ba7bdc9b246"", ""hotel_name"": ""Ocean Park Inn"", ""reasons"": [{""aspect"": ""cleanliness"", ""reason_text"": ""房间干净舒适，设施更新。"", ""sentence_id"": ""be90326d3c9cf0f5_s004""}, {""aspect"": ""service"", ""reason_text"": ""员工友好且乐于助人。"", ""sentence_id"": ""7689e874d3a835fd_s000""}]}, {""hotel_id"": ""7213d9173df3"", ""hotel_name"": ""Hampton Inn San Diego/Mission Valley"", ""reasons"": [{""aspect"": ""cleanliness"", ""reason_text"": ""房间整洁，入住体验好。"", ""sentence_id"": ""e8ac16238c6cb44a_s000""}, {""aspect"": ""service"", ""reason_text"": ""员工友好且乐于助人。"", ""sentence_id"": ""627cc84e2e9930bd_s024""}]}], ""summary"": ""推荐San Diego卫生干净且服务优秀的酒店。"", ""unsupported_notice"": """"}",2
blind_013_B,bundle_013,B,我在San Diego想住得安静一点，但不要房间设施太差的酒店。,"Summary: 推荐San Diego安静且设施良好的酒店。
Recommendations:
1. Courtyard by Marriott San Diego Old Town - 环境安静舒适，适合休息。 | 房间干净且空间充足。
2. Hampton Inn San Diego/Mission Valley - 房间安静整洁。 | 酒店设施良好，房间干净。",推荐San Diego安静且设施良好的酒店。,,"{""recommendations"": [{""hotel_id"": ""62fa571ddd54"", ""hotel_name"": ""Courtyard by Marriott San Diego Old Town"", ""reasons"": [{""aspect"": ""quiet_sleep"", ""reason_text"": ""环境安静舒适，适合休息。"", ""sentence_id"": ""9f75b3bab41316aa_s003""}, {""aspect"": ""room_facilities"", ""reason_text"": ""房间干净且空间充足。"", ""sentence_id"": ""7ae65bffdd44f228_s016""}]}, {""hotel_id"": ""7213d9173df3"", ""hotel_name"": ""Hampton Inn San Diego/Mission Valley"", ""reasons"": [{""aspect"": ""quiet_sleep"", ""reason_text"": ""房间安静整洁。"", ""sentence_id"": ""d91544f9d6f2974e_s001""}, {""aspect"": ""room_facilities"", ""reason_text"": ""酒店设施良好，房间干净。"", ""sentence_id"": ""627cc84e2e9930bd_s010""}]}], ""summary"": ""推荐San Diego安静且设施良好的酒店。"", ""unsupported_notice"": """"}",2
blind_013_D,bundle_013,D,我在San Diego想住得安静一点，但不要房间设施太差的酒店。,"Summary: 推荐安静且设施良好的酒店，避免噪音与设施问题。
Recommendations:
1. Courtyard by Marriott San Diego Old Town - 房间安静，交通噪音无碍睡眠。 | 可安静休息，15 分钟可达交流中心。
2. Ocean Park Inn - 房间非常安静且舒适。 | 未发现房间水损问题。",推荐安静且设施良好的酒店，避免噪音与设施问题。,,"{""recommendations"": [{""hotel_id"": ""62fa571ddd54"", ""hotel_name"": ""Courtyard by Marriott San Diego Old Town"", ""reasons"": [{""aspect"": ""quiet_sleep"", ""reason_text"": ""房间安静，交通噪音无碍睡眠。"", ""sentence_id"": ""a8bd10563da4a4ba_s006""}, {""aspect"": ""quiet_sleep"", ""reason_text"": ""可安静休息，15 分钟可达交流中心。"", ""sentence_id"": ""ee65b5c457d6a3a3_s002""}]}, {""hotel_id"": ""4ba7bdc9b246"", ""hotel_name"": ""Ocean Park Inn"", ""reasons"": [{""aspect"": ""quiet_sleep"", ""reason_text"": ""房间非常安静且舒适。"", ""sentence_id"": ""1b1fece8ca00ba29_s009""}, {""aspect"": ""room_facilities"", ""reason_text"": ""未发现房间水损问题。"", ""sentence_id"": ""7689e874d3a835fd_s015""}]}], ""summary"": ""推荐安静且设施良好的酒店，避免噪音与设施问题。"", ""unsupported_notice"": """"}",2
blind_013_A,bundle_013,A,我在San Diego想住得安静一点，但不要房间设施太差的酒店。,"Summary: 推荐San Diego安静睡眠且房间设施良好的酒店。
Recommendations:
1. Courtyard by Marriott San Diego Old Town - 房间安静舒适，适合好睡眠。 | 房间干净宽敞，设施更新。",推荐San Diego安静睡眠且房间设施良好的酒店。,,"{""recommendations"": [{""hotel_id"": ""62fa571ddd54"", ""hotel_name"": ""Courtyard by Marriott San Diego Old Town"", ""reasons"": [{""aspect"": ""quiet_sleep"", ""reason_text"": ""房间安静舒适，适合好睡眠。"", ""sentence_id"": ""9f75b3bab41316aa_s003""}, {""aspect"": ""room_facilities"", ""reason_text"": ""房间干净宽敞，设施更新。"", ""sentence_id"": ""e931413d780c01dd_s013""}]}], ""summary"": ""推荐San Diego安静睡眠且房间设施良好的酒店。"", ""unsupported_notice"": """"}",1
blind_013_C,bundle_013,C,我在San Diego想住得安静一点，但不要房间设施太差的酒店。,"Summary: 推荐San Diego安静睡眠且房间设施良好的酒店。
Recommendations:
1. Courtyard by Marriott San Diego Old Town - 房间安静，交通噪音无干扰。 | 房间整洁，设施满足需求。
2. Ocean Park Inn - 房间非常安静舒适。 | 未发现房间漏水问题。",推荐San Diego安静睡眠且房间设施良好的酒店。,,"{""recommendations"": [{""hotel_id"": ""62fa571ddd54"", ""hotel_name"": ""Courtyard by Marriott San Diego Old Town"", ""reasons"": [{""aspect"": ""quiet_sleep"", ""reason_text"": ""房间安静，交通噪音无干扰。"", ""sentence_id"": ""a8bd10563da4a4ba_s006""}, {""aspect"": ""room_facilities"", ""reason_text"": ""房间整洁，设施满足需求。"", ""sentence_id"": ""a8bd10563da4a4ba_s004""}]}, {""hotel_id"": ""4ba7bdc9b246"", ""hotel_name"": ""Ocean Park Inn"", ""reasons"": [{""aspect"": ""quiet_sleep"", ""reason_text"": ""房间非常安静舒适。"", ""sentence_id"": ""1b1fece8ca00ba29_s009""}, {""aspect"": ""room_facilities"", ""reason_text"": ""未发现房间漏水问题。"", ""sentence_id"": ""7689e874d3a835fd_s015""}]}], ""summary"": ""推荐San Diego安静睡眠且房间设施良好的酒店。"", ""unsupported_notice"": """"}",2
blind_014_D,bundle_014,D,我想在San Diego找一家离景点步行 10 分钟内、而且服务好的酒店。,"Summary: 推荐服务优良且位置便利的San Diego酒店。
Recommendations:
1. Ocean Park Inn - 维护人员非常礼貌且响应迅速。 | 酒店位置极佳。
2. Hampton Inn San Diego/Mission Valley - 所有员工都非常友好且乐于助人。
Unsupported notice: 无法验证距离景点步行10分钟内的条件。",推荐服务优良且位置便利的San Diego酒店。,无法验证距离景点步行10分钟内的条件。,"{""recommendations"": [{""hotel_id"": ""4ba7bdc9b246"", ""hotel_name"": ""Ocean Park Inn"", ""reasons"": [{""aspect"": ""service"", ""reason_text"": ""维护人员非常礼貌且响应迅速。"", ""sentence_id"": ""665a5dc6c3e75b46_s011""}, {""aspect"": ""location_transport"", ""reason_text"": ""酒店位置极佳。"", ""sentence_id"": ""7689e874d3a835fd_s011""}]}, {""hotel_id"": ""7213d9173df3"", ""hotel_name"": ""Hampton Inn San Diego/Mission Valley"", ""reasons"": [{""aspect"": ""service"", ""reason_text"": ""所有员工都非常友好且乐于助人。"", ""sentence_id"": ""627cc84e2e9930bd_s024""}]}], ""summary"": ""推荐服务优良且位置便利的San Diego酒店。"", ""unsupported_notice"": ""无法验证距离景点步行10分钟内的条件。""}",2
blind_014_C,bundle_014,C,我想在San Diego找一家离景点步行 10 分钟内、而且服务好的酒店。,"Summary: 推荐服务优秀的San Diego酒店，但无法验证步行距离。
Recommendations:
1. Ocean Park Inn - 员工非常友好且乐于助人，提供当地美食和景点推荐。 | 维护人员非常礼貌且响应迅速。
2. Hampton Inn San Diego/Mission Valley - 所有员工都非常友好且乐于助人。 | 服务良好，符合希尔顿标准。
Unsupported notice: 无法验证酒店是否位于景点步行10分钟范围内。",推荐服务优秀的San Diego酒店，但无法验证步行距离。,无法验证酒店是否位于景点步行10分钟范围内。,"{""recommendations"": [{""hotel_id"": ""4ba7bdc9b246"", ""hotel_name"": ""Ocean Park Inn"", ""reasons"": [{""aspect"": ""service"", ""reason_text"": ""员工非常友好且乐于助人，提供当地美食和景点推荐。"", ""sentence_id"": ""b6c24fcdd7cc698d_s005""}, {""aspect"": ""service"", ""reason_text"": ""维护人员非常礼貌且响应迅速。"", ""sentence_id"": ""665a5dc6c3e75b46_s011""}]}, {""hotel_id"": ""7213d9173df3"", ""hotel_name"": ""Hampton Inn San Diego/Mission Valley"", ""reasons"": [{""aspect"": ""service"", ""reason_text"": ""所有员工都非常友好且乐于助人。"", ""sentence_id"": ""627cc84e2e9930bd_s024""}, {""aspect"": ""service"", ""reason_text"": ""服务良好，符合希尔顿标准。"", ""sentence_id"": ""0fb2665086639e10_s000""}]}], ""summary"": ""推荐服务优秀的San Diego酒店，但无法验证步行距离。"", ""unsupported_notice"": ""无法验证酒店是否位于景点步行10分钟范围内。""}",2
blind_014_B,bundle_014,B,我想在San Diego找一家离景点步行 10 分钟内、而且服务好的酒店。,"Summary: 推荐服务优秀且位置便利的San Diego酒店。
Recommendations:
1. Ocean Park Inn - 员工礼貌且响应迅速。 | 位置极佳，适合步行前往景点。
2. Hampton Inn San Diego/Mission Valley - 员工非常友好且乐于助人。 | 整体服务表现优秀。
Unsupported notice: 无法验证酒店是否满足景点步行10分钟内的要求。",推荐服务优秀且位置便利的San Diego酒店。,无法验证酒店是否满足景点步行10分钟内的要求。,"{""recommendations"": [{""hotel_id"": ""4ba7bdc9b246"", ""hotel_name"": ""Ocean Park Inn"", ""reasons"": [{""aspect"": ""service"", ""reason_text"": ""员工礼貌且响应迅速。"", ""sentence_id"": ""665a5dc6c3e75b46_s011""}, {""aspect"": ""location_transport"", ""reason_text"": ""位置极佳，适合步行前往景点。"", ""sentence_id"": ""4b08c4d5664e4f9f_s000""}]}, {""hotel_id"": ""7213d9173df3"", ""hotel_name"": ""Hampton Inn San Diego/Mission Valley"", ""reasons"": [{""aspect"": ""service"", ""reason_text"": ""员工非常友好且乐于助人。"", ""sentence_id"": ""627cc84e2e9930bd_s024""}, {""aspect"": ""service"", ""reason_text"": ""整体服务表现优秀。"", ""sentence_id"": ""59cfe00eb1d98e13_s000""}]}], ""summary"": ""推荐服务优秀且位置便利的San Diego酒店。"", ""unsupported_notice"": ""无法验证酒店是否满足景点步行10分钟内的要求。""}",2
blind_014_A,bundle_014,A,我想在San Diego找一家离景点步行 10 分钟内、而且服务好的酒店。,"Summary: 推荐服务优秀且位置便利的San Diego酒店。
Recommendations:
1. Ocean Park Inn - 员工友好且乐于助人。 | 工作人员提供很好的建议。
2. Hampton Inn San Diego/Mission Valley - 所有员工都很友好。 | 服务很好。
Unsupported notice: 无法验证酒店是否位于景点步行10分钟内。",推荐服务优秀且位置便利的San Diego酒店。,无法验证酒店是否位于景点步行10分钟内。,"{""recommendations"": [{""hotel_id"": ""4ba7bdc9b246"", ""hotel_name"": ""Ocean Park Inn"", ""reasons"": [{""aspect"": ""service"", ""reason_text"": ""员工友好且乐于助人。"", ""sentence_id"": ""665a5dc6c3e75b46_s011""}, {""aspect"": ""service"", ""reason_text"": ""工作人员提供很好的建议。"", ""sentence_id"": ""b6c24fcdd7cc698d_s005""}]}, {""hotel_id"": ""7213d9173df3"", ""hotel_name"": ""Hampton Inn San Diego/Mission Valley"", ""reasons"": [{""aspect"": ""service"", ""reason_text"": ""所有员工都很友好。"", ""sentence_id"": ""627cc84e2e9930bd_s024""}, {""aspect"": ""service"", ""reason_text"": ""服务很好。"", ""sentence_id"": ""0fb2665086639e10_s000""}]}], ""summary"": ""推荐服务优秀且位置便利的San Diego酒店。"", ""unsupported_notice"": ""无法验证酒店是否位于景点步行10分钟内。""}",2
blind_015_A,bundle_015,A,我想在Seattle找一家房间设施比较好的酒店。,"Summary: 推荐两家Seattle设施舒适的酒店。
Recommendations:
1. Hotel Sorrento - 房间舒适，床品也很舒服。 | 整体是最佳的西雅图酒店体验。
2. Four Points By Sheraton Downtown Seattle Center - 房间宽敞舒适。 | 房间大小合适、干净且床舒适。",推荐两家Seattle设施舒适的酒店。,,"{""recommendations"": [{""hotel_id"": ""75fef46b9663"", ""hotel_name"": ""Hotel Sorrento"", ""reasons"": [{""aspect"": ""room_facilities"", ""reason_text"": ""房间舒适，床品也很舒服。"", ""sentence_id"": ""70104a60ccc20263_s002""}, {""aspect"": ""room_facilities"", ""reason_text"": ""整体是最佳的西雅图酒店体验。"", ""sentence_id"": ""2b6adb981b20c299_s000""}]}, {""hotel_id"": ""5ac72eb101c1"", ""hotel_name"": ""Four Points By Sheraton Downtown Seattle Center"", ""reasons"": [{""aspect"": ""room_facilities"", ""reason_text"": ""房间宽敞舒适。"", ""sentence_id"": ""773410cb8381abf1_s029""}, {""aspect"": ""room_facilities"", ""reason_text"": ""房间大小合适、干净且床舒适。"", ""sentence_id"": ""06e98a924068cb93_s003""}]}], ""summary"": ""推荐两家Seattle设施舒适的酒店。"", ""unsupported_notice"": """"}",2
blind_015_B,bundle_015,B,我想在Seattle找一家房间设施比较好的酒店。,"Summary: 推荐两家Seattle设施舒适的酒店
Recommendations:
1. Hotel Sorrento - 房间舒适且宽敞 | 配备舒适的皇后床
2. Four Points By Sheraton Downtown Seattle Center - 房间宽敞舒适 | 床铺舒适包括沙发床",推荐两家Seattle设施舒适的酒店,,"{""recommendations"": [{""hotel_id"": ""75fef46b9663"", ""hotel_name"": ""Hotel Sorrento"", ""reasons"": [{""aspect"": ""room_facilities"", ""reason_text"": ""房间舒适且宽敞"", ""sentence_id"": ""70104a60ccc20263_s002""}, {""aspect"": ""room_facilities"", ""reason_text"": ""配备舒适的皇后床"", ""sentence_id"": ""c9e7e8769ff06792_s002""}]}, {""hotel_id"": ""5ac72eb101c1"", ""hotel_name"": ""Four Points By Sheraton Downtown Seattle Center"", ""reasons"": [{""aspect"": ""room_facilities"", ""reason_text"": ""房间宽敞舒适"", ""sentence_id"": ""773410cb8381abf1_s029""}, {""aspect"": ""room_facilities"", ""reason_text"": ""床铺舒适包括沙发床"", ""sentence_id"": ""c1fc69092404fcd5_s004""}]}], ""summary"": ""推荐两家Seattle设施舒适的酒店"", ""unsupported_notice"": """"}",2
blind_015_C,bundle_015,C,我想在Seattle找一家房间设施比较好的酒店。,"Summary: 推荐Seattle设施舒适且房间宽敞的酒店。
Recommendations:
1. Hotel Sorrento - 房间舒适，床铺也很舒服。 | 整体住宿体验极佳。
2. Four Points By Sheraton Downtown Seattle Center - 房间宽敞舒适，床铺舒适。 | 房间干净且床铺舒适。",推荐Seattle设施舒适且房间宽敞的酒店。,,"{""recommendations"": [{""hotel_id"": ""75fef46b9663"", ""hotel_name"": ""Hotel Sorrento"", ""reasons"": [{""aspect"": ""room_facilities"", ""reason_text"": ""房间舒适，床铺也很舒服。"", ""sentence_id"": ""70104a60ccc20263_s002""}, {""aspect"": ""room_facilities"", ""reason_text"": ""整体住宿体验极佳。"", ""sentence_id"": ""2b6adb981b20c299_s000""}]}, {""hotel_id"": ""5ac72eb101c1"", ""hotel_name"": ""Four Points By Sheraton Downtown Seattle Center"", ""reasons"": [{""aspect"": ""room_facilities"", ""reason_text"": ""房间宽敞舒适，床铺舒适。"", ""sentence_id"": ""773410cb8381abf1_s029""}, {""aspect"": ""room_facilities"", ""reason_text"": ""房间干净且床铺舒适。"", ""sentence_id"": ""06e98a924068cb93_s003""}]}], ""summary"": ""推荐Seattle设施舒适且房间宽敞的酒店。"", ""unsupported_notice"": """"}",2
blind_015_D,bundle_015,D,我想在Seattle找一家房间设施比较好的酒店。,"Summary: 推荐Seattle设施舒适且房间宽敞的酒店。
Recommendations:
1. Hotel Sorrento - 房间宽敞舒适，适合多人入住。 | 床铺舒适，睡眠体验良好。
2. Four Points By Sheraton Downtown Seattle Center - 房间空间大且舒适。 | 床铺舒适，包括可转换沙发床。",推荐Seattle设施舒适且房间宽敞的酒店。,,"{""recommendations"": [{""hotel_id"": ""75fef46b9663"", ""hotel_name"": ""Hotel Sorrento"", ""reasons"": [{""aspect"": ""room_facilities"", ""reason_text"": ""房间宽敞舒适，适合多人入住。"", ""sentence_id"": ""c9e7e8769ff06792_s002""}, {""aspect"": ""room_facilities"", ""reason_text"": ""床铺舒适，睡眠体验良好。"", ""sentence_id"": ""70104a60ccc20263_s002""}]}, {""hotel_id"": ""5ac72eb101c1"", ""hotel_name"": ""Four Points By Sheraton Downtown Seattle Center"", ""reasons"": [{""aspect"": ""room_facilities"", ""reason_text"": ""房间空间大且舒适。"", ""sentence_id"": ""773410cb8381abf1_s029""}, {""aspect"": ""room_facilities"", ""reason_text"": ""床铺舒适，包括可转换沙发床。"", ""sentence_id"": ""c1fc69092404fcd5_s004""}]}], ""summary"": ""推荐Seattle设施舒适且房间宽敞的酒店。"", ""unsupported_notice"": """"}",2
blind_016_A,bundle_016,A,我想在Seattle找一家离景点步行 10 分钟内、而且安静睡眠好的酒店。,"Summary: 推荐两家Seattle酒店，主打安静睡眠体验。
Recommendations:
1. Hotel Sorrento - 住客评价酒店体验极佳，环境令人喜爱。
Unsupported notice: 无法验证步行至景点10分钟内的距离要求。",推荐两家Seattle酒店，主打安静睡眠体验。,无法验证步行至景点10分钟内的距离要求。,"{""recommendations"": [{""hotel_id"": ""75fef46b9663"", ""hotel_name"": ""Hotel Sorrento"", ""reasons"": [{""aspect"": ""quiet_sleep"", ""reason_text"": ""住客评价酒店体验极佳，环境令人喜爱。"", ""sentence_id"": ""2b6adb981b20c299_s000""}]}], ""summary"": ""推荐两家Seattle酒店，主打安静睡眠体验。"", ""unsupported_notice"": ""无法验证步行至景点10分钟内的距离要求。""}",1
blind_016_C,bundle_016,C,我想在Seattle找一家离景点步行 10 分钟内、而且安静睡眠好的酒店。,"Summary: 推荐酒店需满足安静睡眠，但无法验证景点步行距离。
Recommendations:
1. Hotel Sorrento - 空调运行正常且无噪音，街道噪音不是问题。 | 用户反馈街道噪音不影响休息。
Unsupported notice: 用户要求的景点步行 10 分钟内无法验证，故未包含该条件。",推荐酒店需满足安静睡眠，但无法验证景点步行距离。,用户要求的景点步行 10 分钟内无法验证，故未包含该条件。,"{""recommendations"": [{""hotel_id"": ""75fef46b9663"", ""hotel_name"": ""Hotel Sorrento"", ""reasons"": [{""aspect"": ""quiet_sleep"", ""reason_text"": ""空调运行正常且无噪音，街道噪音不是问题。"", ""sentence_id"": ""ec1e4396484d5f98_s017""}, {""aspect"": ""quiet_sleep"", ""reason_text"": ""用户反馈街道噪音不影响休息。"", ""sentence_id"": ""8c7ad2a04e00d08b_s016""}]}], ""summary"": ""推荐酒店需满足安静睡眠，但无法验证景点步行距离。"", ""unsupported_notice"": ""用户要求的景点步行 10 分钟内无法验证，故未包含该条件。""}",1
blind_016_D,bundle_016,D,我想在Seattle找一家离景点步行 10 分钟内、而且安静睡眠好的酒店。,"Summary: 推荐Seattle安静睡眠好的酒店。
Recommendations:
1. Hotel Sorrento - 客人称赞酒店体验极佳。 | 客人表示酒店非常可爱。
2. Four Points By Sheraton Downtown Seattle Center - 客人认为酒店满足需求。 | 客人评价酒店非常适合休息。
Unsupported notice: 无法验证距离景点步行 10 分钟内的条件。",推荐Seattle安静睡眠好的酒店。,无法验证距离景点步行 10 分钟内的条件。,"{""recommendations"": [{""hotel_id"": ""75fef46b9663"", ""hotel_name"": ""Hotel Sorrento"", ""reasons"": [{""aspect"": ""quiet_sleep"", ""reason_text"": ""客人称赞酒店体验极佳。"", ""sentence_id"": ""2b6adb981b20c299_s000""}, {""aspect"": ""quiet_sleep"", ""reason_text"": ""客人表示酒店非常可爱。"", ""sentence_id"": ""8c7ad2a04e00d08b_s014""}]}, {""hotel_id"": ""5ac72eb101c1"", ""hotel_name"": ""Four Points By Sheraton Downtown Seattle Center"", ""reasons"": [{""aspect"": ""quiet_sleep"", ""reason_text"": ""客人认为酒店满足需求。"", ""sentence_id"": ""7cca396160465bfe_s000""}, {""aspect"": ""quiet_sleep"", ""reason_text"": ""客人评价酒店非常适合休息。"", ""sentence_id"": ""6b37d1f2b85f4422_s000""}]}], ""summary"": ""推荐Seattle安静睡眠好的酒店。"", ""unsupported_notice"": ""无法验证距离景点步行 10 分钟内的条件。""}",2
blind_016_B,bundle_016,B,我想在Seattle找一家离景点步行 10 分钟内、而且安静睡眠好的酒店。,"Summary: 推荐 Seattle 安静睡眠好的酒店，但缺乏景点距离证据。
Recommendations:
1. Hotel Sorrento - 空调运行安静，街道噪音不影响睡眠。 | 住客反馈街道噪音不是问题。
Unsupported notice: 用户要求的景点步行 10 分钟内距离在证据中无法验证。",推荐 Seattle 安静睡眠好的酒店，但缺乏景点距离证据。,用户要求的景点步行 10 分钟内距离在证据中无法验证。,"{""recommendations"": [{""hotel_id"": ""75fef46b9663"", ""hotel_name"": ""Hotel Sorrento"", ""reasons"": [{""aspect"": ""quiet_sleep"", ""reason_text"": ""空调运行安静，街道噪音不影响睡眠。"", ""sentence_id"": ""ec1e4396484d5f98_s017""}, {""aspect"": ""quiet_sleep"", ""reason_text"": ""住客反馈街道噪音不是问题。"", ""sentence_id"": ""8c7ad2a04e00d08b_s016""}]}], ""summary"": ""推荐 Seattle 安静睡眠好的酒店，但缺乏景点距离证据。"", ""unsupported_notice"": ""用户要求的景点步行 10 分钟内距离在证据中无法验证。""}",1
blind_017_A,bundle_017,A,我想去San Diego，要求离景点步行 10 分钟以内，同时安静睡眠也要好。,"Summary: 推荐两家安静舒适的酒店满足睡眠需求
Recommendations:
1. Ocean Park Inn - 房间非常安静，适合良好睡眠 | 房间安静且舒适
2. Courtyard by Marriott San Diego Old Town - 位于安静舒适的区域 | 房间干净且安静
Unsupported notice: 无法验证距离景点步行时间",推荐两家安静舒适的酒店满足睡眠需求,无法验证距离景点步行时间,"{""recommendations"": [{""hotel_id"": ""4ba7bdc9b246"", ""hotel_name"": ""Ocean Park Inn"", ""reasons"": [{""aspect"": ""quiet_sleep"", ""reason_text"": ""房间非常安静，适合良好睡眠"", ""sentence_id"": ""1b1fece8ca00ba29_s009""}, {""aspect"": ""quiet_sleep"", ""reason_text"": ""房间安静且舒适"", ""sentence_id"": ""5d5c08b0a60f6481_s004""}]}, {""hotel_id"": ""62fa571ddd54"", ""hotel_name"": ""Courtyard by Marriott San Diego Old Town"", ""reasons"": [{""aspect"": ""quiet_sleep"", ""reason_text"": ""位于安静舒适的区域"", ""sentence_id"": ""9f75b3bab41316aa_s003""}, {""aspect"": ""quiet_sleep"", ""reason_text"": ""房间干净且安静"", ""sentence_id"": ""7ae65bffdd44f228_s016""}]}], ""summary"": ""推荐两家安静舒适的酒店满足睡眠需求"", ""unsupported_notice"": ""无法验证距离景点步行时间""}",2
blind_017_D,bundle_017,D,我想去San Diego，要求离景点步行 10 分钟以内，同时安静睡眠也要好。,"Summary: 推荐安静睡眠好的酒店，但无法验证景点步行距离。
Recommendations:
1. Ocean Park Inn - 房间非常安静，适合睡眠。 | 房间安静且舒适。
2. Courtyard by Marriott San Diego Old Town - 可在此享受平静环境。
Unsupported notice: 无法验证景点步行 10 分钟以内的距离要求。",推荐安静睡眠好的酒店，但无法验证景点步行距离。,无法验证景点步行 10 分钟以内的距离要求。,"{""recommendations"": [{""hotel_id"": ""4ba7bdc9b246"", ""hotel_name"": ""Ocean Park Inn"", ""reasons"": [{""aspect"": ""quiet_sleep"", ""reason_text"": ""房间非常安静，适合睡眠。"", ""sentence_id"": ""1b1fece8ca00ba29_s009""}, {""aspect"": ""quiet_sleep"", ""reason_text"": ""房间安静且舒适。"", ""sentence_id"": ""5d5c08b0a60f6481_s004""}]}, {""hotel_id"": ""62fa571ddd54"", ""hotel_name"": ""Courtyard by Marriott San Diego Old Town"", ""reasons"": [{""aspect"": ""quiet_sleep"", ""reason_text"": ""可在此享受平静环境。"", ""sentence_id"": ""ee65b5c457d6a3a3_s002""}]}], ""summary"": ""推荐安静睡眠好的酒店，但无法验证景点步行距离。"", ""unsupported_notice"": ""无法验证景点步行 10 分钟以内的距离要求。""}",2
blind_017_C,bundle_017,C,我想去San Diego，要求离景点步行 10 分钟以内，同时安静睡眠也要好。,"Summary: 推荐San Diego安静睡眠好的酒店，但缺乏景点步行证据。
Recommendations:
1. Ocean Park Inn - 房间非常安静，适合好睡眠。 | 房间安静舒适，睡眠体验佳。
Unsupported notice: 用户要求的景点步行10分钟内，当前证据无法验证。",推荐San Diego安静睡眠好的酒店，但缺乏景点步行证据。,用户要求的景点步行10分钟内，当前证据无法验证。,"{""recommendations"": [{""hotel_id"": ""4ba7bdc9b246"", ""hotel_name"": ""Ocean Park Inn"", ""reasons"": [{""aspect"": ""quiet_sleep"", ""reason_text"": ""房间非常安静，适合好睡眠。"", ""sentence_id"": ""1b1fece8ca00ba29_s009""}, {""aspect"": ""quiet_sleep"", ""reason_text"": ""房间安静舒适，睡眠体验佳。"", ""sentence_id"": ""5d5c08b0a60f6481_s004""}]}], ""summary"": ""推荐San Diego安静睡眠好的酒店，但缺乏景点步行证据。"", ""unsupported_notice"": ""用户要求的景点步行10分钟内，当前证据无法验证。""}",1
blind_017_B,bundle_017,B,我想去San Diego，要求离景点步行 10 分钟以内，同时安静睡眠也要好。,"Summary: 推荐 San Diego 安静睡眠好的酒店，但缺乏景点步行证据。
Recommendations:
1. Ocean Park Inn - 房间安静舒适，适合好眠。 | 部分房间安静，但靠近海滩可能有噪音。
2. Courtyard by Marriott San Diego Old Town - 商务后休息安静，交通便捷。
Unsupported notice: 证据中无景点步行 10 分钟内的支持。",推荐 San Diego 安静睡眠好的酒店，但缺乏景点步行证据。,证据中无景点步行 10 分钟内的支持。,"{""recommendations"": [{""hotel_id"": ""4ba7bdc9b246"", ""hotel_name"": ""Ocean Park Inn"", ""reasons"": [{""aspect"": ""quiet_sleep"", ""reason_text"": ""房间安静舒适，适合好眠。"", ""sentence_id"": ""1b1fece8ca00ba29_s009""}, {""aspect"": ""quiet_sleep"", ""reason_text"": ""部分房间安静，但靠近海滩可能有噪音。"", ""sentence_id"": ""5d5c08b0a60f6481_s004""}]}, {""hotel_id"": ""62fa571ddd54"", ""hotel_name"": ""Courtyard by Marriott San Diego Old Town"", ""reasons"": [{""aspect"": ""quiet_sleep"", ""reason_text"": ""商务后休息安静，交通便捷。"", ""sentence_id"": ""ee65b5c457d6a3a3_s002""}]}], ""summary"": ""推荐 San Diego 安静睡眠好的酒店，但缺乏景点步行证据。"", ""unsupported_notice"": ""证据中无景点步行 10 分钟内的支持。""}",2
blind_018_B,bundle_018,B,我想去Seattle，要求预算控制在 500 元以内，同时位置交通也要好。,"Summary: 推荐两家西雅图酒店，满足位置交通需求。
Recommendations:
1. Hotel Sorrento - 位置极佳，是最佳西雅图酒店体验。 | 地理位置优越，性价比高。
2. Four Points By Sheraton Downtown Seattle Center - 步行或搭乘交通即可，性价比高。 | 适合商务或度假，设施齐全。
Unsupported notice: 用户预算500元的要求无法从当前证据中验证，故未作为推荐依据。",推荐两家西雅图酒店，满足位置交通需求。,用户预算500元的要求无法从当前证据中验证，故未作为推荐依据。,"{""recommendations"": [{""hotel_id"": ""75fef46b9663"", ""hotel_name"": ""Hotel Sorrento"", ""reasons"": [{""aspect"": ""location_transport"", ""reason_text"": ""位置极佳，是最佳西雅图酒店体验。"", ""sentence_id"": ""2b6adb981b20c299_s000""}, {""aspect"": ""location_transport"", ""reason_text"": ""地理位置优越，性价比高。"", ""sentence_id"": ""c9e7e8769ff06792_s000""}]}, {""hotel_id"": ""5ac72eb101c1"", ""hotel_name"": ""Four Points By Sheraton Downtown Seattle Center"", ""reasons"": [{""aspect"": ""location_transport"", ""reason_text"": ""步行或搭乘交通即可，性价比高。"", ""sentence_id"": ""d3b2a0d117a5cdc5_s006""}, {""aspect"": ""location_transport"", ""reason_text"": ""适合商务或度假，设施齐全。"", ""sentence_id"": ""6b37d1f2b85f4422_s000""}]}], ""summary"": ""推荐两家西雅图酒店，满足位置交通需求。"", ""unsupported_notice"": ""用户预算500元的要求无法从当前证据中验证，故未作为推荐依据。""}",2
blind_018_D,bundle_018,D,我想去Seattle，要求预算控制在 500 元以内，同时位置交通也要好。,"Summary: 推荐两家西雅图交通便利的酒店，但预算限制无法验证。
Recommendations:
1. Hotel Sorrento - 位于市中心，步行可达I-5高速，位置极佳。 | 位于绝佳位置，适合探索。
2. Four Points By Sheraton Downtown Seattle Center - 位于皇后区，步行可达西雅图中心或市中心。 | 距离西雅图中心仅几步之遥。
Unsupported notice: 用户要求的500元预算限制在当前证据中无法验证。",推荐两家西雅图交通便利的酒店，但预算限制无法验证。,用户要求的500元预算限制在当前证据中无法验证。,"{""recommendations"": [{""hotel_id"": ""75fef46b9663"", ""hotel_name"": ""Hotel Sorrento"", ""reasons"": [{""aspect"": ""location_transport"", ""reason_text"": ""位于市中心，步行可达I-5高速，位置极佳。"", ""sentence_id"": ""c9e7e8769ff06792_s000""}, {""aspect"": ""location_transport"", ""reason_text"": ""位于绝佳位置，适合探索。"", ""sentence_id"": ""bfe89232e86be197_s000""}]}, {""hotel_id"": ""5ac72eb101c1"", ""hotel_name"": ""Four Points By Sheraton Downtown Seattle Center"", ""reasons"": [{""aspect"": ""location_transport"", ""reason_text"": ""位于皇后区，步行可达西雅图中心或市中心。"", ""sentence_id"": ""ab10bfa8445749fa_s000""}, {""aspect"": ""location_transport"", ""reason_text"": ""距离西雅图中心仅几步之遥。"", ""sentence_id"": ""06e98a924068cb93_s000""}]}], ""summary"": ""推荐两家西雅图交通便利的酒店，但预算限制无法验证。"", ""unsupported_notice"": ""用户要求的500元预算限制在当前证据中无法验证。""}",2
blind_018_C,bundle_018,C,我想去Seattle，要求预算控制在 500 元以内，同时位置交通也要好。,"Summary: 推荐Seattle交通位置优良且性价比高的酒店。
Recommendations:
1. Hotel Sorrento - 位置极佳，性价比高。 | 位于绝佳位置，体验完美。
2. Four Points By Sheraton Downtown Seattle Center - 步行或交通便捷，物超所值。 | 满足商务或度假所需。
Unsupported notice: 用户要求的500元预算在现有证据中无法验证。",推荐Seattle交通位置优良且性价比高的酒店。,用户要求的500元预算在现有证据中无法验证。,"{""recommendations"": [{""hotel_id"": ""75fef46b9663"", ""hotel_name"": ""Hotel Sorrento"", ""reasons"": [{""aspect"": ""location_transport"", ""reason_text"": ""位置极佳，性价比高。"", ""sentence_id"": ""c9e7e8769ff06792_s000""}, {""aspect"": ""location_transport"", ""reason_text"": ""位于绝佳位置，体验完美。"", ""sentence_id"": ""2b6adb981b20c299_s000""}]}, {""hotel_id"": ""5ac72eb101c1"", ""hotel_name"": ""Four Points By Sheraton Downtown Seattle Center"", ""reasons"": [{""aspect"": ""location_transport"", ""reason_text"": ""步行或交通便捷，物超所值。"", ""sentence_id"": ""d3b2a0d117a5cdc5_s006""}, {""aspect"": ""location_transport"", ""reason_text"": ""满足商务或度假所需。"", ""sentence_id"": ""6b37d1f2b85f4422_s000""}]}], ""summary"": ""推荐Seattle交通位置优良且性价比高的酒店。"", ""unsupported_notice"": ""用户要求的500元预算在现有证据中无法验证。""}",2
blind_018_A,bundle_018,A,我想去Seattle，要求预算控制在 500 元以内，同时位置交通也要好。,"Summary: 推荐Seattle交通位置优良且性价比高的酒店。
Recommendations:
1. Hotel Sorrento - 位置极佳，步行即可到达主要交通干道。 | 市中心位置优越，适合探索城市。
2. Four Points By Sheraton Downtown Seattle Center - 步行即可到达Seattle Center和市中心。 | 位于Queen Anne区，交通出行便利。
Unsupported notice: 用户要求的500元预算在现有证据中无法验证，故未包含在推荐理由中。",推荐Seattle交通位置优良且性价比高的酒店。,用户要求的500元预算在现有证据中无法验证，故未包含在推荐理由中。,"{""recommendations"": [{""hotel_id"": ""75fef46b9663"", ""hotel_name"": ""Hotel Sorrento"", ""reasons"": [{""aspect"": ""location_transport"", ""reason_text"": ""位置极佳，步行即可到达主要交通干道。"", ""sentence_id"": ""ec1e4396484d5f98_s020""}, {""aspect"": ""location_transport"", ""reason_text"": ""市中心位置优越，适合探索城市。"", ""sentence_id"": ""c9e7e8769ff06792_s000""}]}, {""hotel_id"": ""5ac72eb101c1"", ""hotel_name"": ""Four Points By Sheraton Downtown Seattle Center"", ""reasons"": [{""aspect"": ""location_transport"", ""reason_text"": ""步行即可到达Seattle Center和市中心。"", ""sentence_id"": ""ab10bfa8445749fa_s000""}, {""aspect"": ""location_transport"", ""reason_text"": ""位于Queen Anne区，交通出行便利。"", ""sentence_id"": ""06e98a924068cb93_s000""}]}], ""summary"": ""推荐Seattle交通位置优良且性价比高的酒店。"", ""unsupported_notice"": ""用户要求的500元预算在现有证据中无法验证，故未包含在推荐理由中。""}",2
blind_019_C,bundle_019,C,请推荐Dallas在房间设施、性价比、卫生干净三方面都比较均衡的酒店。,"Summary: 推荐两家达拉斯酒店，兼顾设施、性价比与卫生。
Recommendations:
1. Residence Inn by Marriott Dallas Market Center - 房间干净且用户友好。 | 酒店整体体验很好。
2. Residence Inn by Marriott Dallas Central Expressway - 房间舒适且干净。 | 价格合理。",推荐两家达拉斯酒店，兼顾设施、性价比与卫生。,,"{""recommendations"": [{""hotel_id"": ""85a18ed72b1c"", ""hotel_name"": ""Residence Inn by Marriott Dallas Market Center"", ""reasons"": [{""aspect"": ""cleanliness"", ""reason_text"": ""房间干净且用户友好。"", ""sentence_id"": ""359df474d75da2a1_s008""}, {""aspect"": ""value"", ""reason_text"": ""酒店整体体验很好。"", ""sentence_id"": ""1ba6f1bee9ad83ab_s031""}]}, {""hotel_id"": ""d30be52b2a2a"", ""hotel_name"": ""Residence Inn by Marriott Dallas Central Expressway"", ""reasons"": [{""aspect"": ""cleanliness"", ""reason_text"": ""房间舒适且干净。"", ""sentence_id"": ""e2c6fdca4d0b4650_s001""}, {""aspect"": ""value"", ""reason_text"": ""价格合理。"", ""sentence_id"": ""f5b07d7fd5826db0_s008""}]}], ""summary"": ""推荐两家达拉斯酒店，兼顾设施、性价比与卫生。"", ""unsupported_notice"": """"}",2
blind_019_D,bundle_019,D,请推荐Dallas在房间设施、性价比、卫生干净三方面都比较均衡的酒店。,"Summary: 推荐两家Dallas酒店，兼顾设施、性价比与卫生。
Recommendations:
1. Residence Inn by Marriott Dallas Market Center - 房间干净且用户友好。 | 房间装饰精美且设施齐全。
2. Residence Inn by Marriott Dallas Central Expressway - 房间舒适且保持清洁。 | 价格合理，是不错的过夜选择。",推荐两家Dallas酒店，兼顾设施、性价比与卫生。,,"{""recommendations"": [{""hotel_id"": ""85a18ed72b1c"", ""hotel_name"": ""Residence Inn by Marriott Dallas Market Center"", ""reasons"": [{""aspect"": ""cleanliness"", ""reason_text"": ""房间干净且用户友好。"", ""sentence_id"": ""359df474d75da2a1_s008""}, {""aspect"": ""room_facilities"", ""reason_text"": ""房间装饰精美且设施齐全。"", ""sentence_id"": ""9a164e5741f44370_s000""}]}, {""hotel_id"": ""d30be52b2a2a"", ""hotel_name"": ""Residence Inn by Marriott Dallas Central Expressway"", ""reasons"": [{""aspect"": ""cleanliness"", ""reason_text"": ""房间舒适且保持清洁。"", ""sentence_id"": ""e2c6fdca4d0b4650_s001""}, {""aspect"": ""value"", ""reason_text"": ""价格合理，是不错的过夜选择。"", ""sentence_id"": ""f5b07d7fd5826db0_s008""}]}], ""summary"": ""推荐两家Dallas酒店，兼顾设施、性价比与卫生。"", ""unsupported_notice"": """"}",2
blind_019_A,bundle_019,A,请推荐Dallas在房间设施、性价比、卫生干净三方面都比较均衡的酒店。,"Summary: 推荐Dallas设施舒适、卫生干净且性价比均衡的酒店。
Recommendations:
1. Residence Inn by Marriott Dallas Market Center - 房间干净且用户友好。 | 房间设施充足。
2. Residence Inn by Marriott Dallas Central Expressway - 房间舒适且干净。 | 价格合理。",推荐Dallas设施舒适、卫生干净且性价比均衡的酒店。,,"{""recommendations"": [{""hotel_id"": ""85a18ed72b1c"", ""hotel_name"": ""Residence Inn by Marriott Dallas Market Center"", ""reasons"": [{""aspect"": ""cleanliness"", ""reason_text"": ""房间干净且用户友好。"", ""sentence_id"": ""359df474d75da2a1_s008""}, {""aspect"": ""room_facilities"", ""reason_text"": ""房间设施充足。"", ""sentence_id"": ""359df474d75da2a1_s010""}]}, {""hotel_id"": ""d30be52b2a2a"", ""hotel_name"": ""Residence Inn by Marriott Dallas Central Expressway"", ""reasons"": [{""aspect"": ""cleanliness"", ""reason_text"": ""房间舒适且干净。"", ""sentence_id"": ""e2c6fdca4d0b4650_s001""}, {""aspect"": ""value"", ""reason_text"": ""价格合理。"", ""sentence_id"": ""f5b07d7fd5826db0_s008""}]}], ""summary"": ""推荐Dallas设施舒适、卫生干净且性价比均衡的酒店。"", ""unsupported_notice"": """"}",2
blind_019_B,bundle_019,B,请推荐Dallas在房间设施、性价比、卫生干净三方面都比较均衡的酒店。,"Summary: 推荐Dallas设施舒适、卫生干净且性价比均衡的酒店。
Recommendations:
1. Residence Inn by Marriott Dallas Market Center - 房间干净舒适，床铺整洁。 | 房间装饰精美，设施齐全。
2. Residence Inn by Marriott Dallas Central Expressway - 房间干净，维护良好。 | 价格合理，适合过夜。",推荐Dallas设施舒适、卫生干净且性价比均衡的酒店。,,"{""recommendations"": [{""hotel_id"": ""85a18ed72b1c"", ""hotel_name"": ""Residence Inn by Marriott Dallas Market Center"", ""reasons"": [{""aspect"": ""cleanliness"", ""reason_text"": ""房间干净舒适，床铺整洁。"", ""sentence_id"": ""39e05ab75911b052_s001""}, {""aspect"": ""room_facilities"", ""reason_text"": ""房间装饰精美，设施齐全。"", ""sentence_id"": ""9a164e5741f44370_s000""}]}, {""hotel_id"": ""d30be52b2a2a"", ""hotel_name"": ""Residence Inn by Marriott Dallas Central Expressway"", ""reasons"": [{""aspect"": ""cleanliness"", ""reason_text"": ""房间干净，维护良好。"", ""sentence_id"": ""e2c6fdca4d0b4650_s001""}, {""aspect"": ""value"", ""reason_text"": ""价格合理，适合过夜。"", ""sentence_id"": ""f5b07d7fd5826db0_s008""}]}], ""summary"": ""推荐Dallas设施舒适、卫生干净且性价比均衡的酒店。"", ""unsupported_notice"": """"}",2
blind_020_C,bundle_020,C,请推荐Seattle在房间设施、性价比、卫生干净三方面都比较均衡的酒店。,"Summary: 推荐两家Seattle酒店，设施、性价比与卫生均获好评。
Recommendations:
1. Hotel Sorrento - 用户评价这是最佳西雅图酒店体验。 | 酒店位置极佳且价格优秀。
2. Four Points By Sheraton Downtown Seattle Center - 房间干净且浴室整洁。 | 若接受步行或换乘，该酒店性价比高。",推荐两家Seattle酒店，设施、性价比与卫生均获好评。,,"{""recommendations"": [{""hotel_id"": ""75fef46b9663"", ""hotel_name"": ""Hotel Sorrento"", ""reasons"": [{""aspect"": ""cleanliness"", ""reason_text"": ""用户评价这是最佳西雅图酒店体验。"", ""sentence_id"": ""2b6adb981b20c299_s000""}, {""aspect"": ""value"", ""reason_text"": ""酒店位置极佳且价格优秀。"", ""sentence_id"": ""c9e7e8769ff06792_s000""}]}, {""hotel_id"": ""5ac72eb101c1"", ""hotel_name"": ""Four Points By Sheraton Downtown Seattle Center"", ""reasons"": [{""aspect"": ""cleanliness"", ""reason_text"": ""房间干净且浴室整洁。"", ""sentence_id"": ""78371cf68e74a5b6_s000""}, {""aspect"": ""value"", ""reason_text"": ""若接受步行或换乘，该酒店性价比高。"", ""sentence_id"": ""d3b2a0d117a5cdc5_s006""}]}], ""summary"": ""推荐两家Seattle酒店，设施、性价比与卫生均获好评。"", ""unsupported_notice"": """"}",2
blind_020_A,bundle_020,A,请推荐Seattle在房间设施、性价比、卫生干净三方面都比较均衡的酒店。,"Summary: 推荐两家Seattle酒店，兼顾设施、性价比与卫生。
Recommendations:
1. Hotel Sorrento - 房间干净、宽敞且无霉味。 | 价格实惠，值得再次入住。
2. Four Points By Sheraton Downtown Seattle Center - 房间整洁舒适，尺寸适宜。 | 价格低廉，位置优越。",推荐两家Seattle酒店，兼顾设施、性价比与卫生。,,"{""recommendations"": [{""hotel_id"": ""75fef46b9663"", ""hotel_name"": ""Hotel Sorrento"", ""reasons"": [{""aspect"": ""cleanliness"", ""reason_text"": ""房间干净、宽敞且无霉味。"", ""sentence_id"": ""e4ef84bc184f5625_s003""}, {""aspect"": ""value"", ""reason_text"": ""价格实惠，值得再次入住。"", ""sentence_id"": ""b28ce0d152c11807_s006""}]}, {""hotel_id"": ""5ac72eb101c1"", ""hotel_name"": ""Four Points By Sheraton Downtown Seattle Center"", ""reasons"": [{""aspect"": ""cleanliness"", ""reason_text"": ""房间整洁舒适，尺寸适宜。"", ""sentence_id"": ""06e98a924068cb93_s003""}, {""aspect"": ""value"", ""reason_text"": ""价格低廉，位置优越。"", ""sentence_id"": ""3d6107babb5d5335_s006""}]}], ""summary"": ""推荐两家Seattle酒店，兼顾设施、性价比与卫生。"", ""unsupported_notice"": """"}",2
blind_020_B,bundle_020,B,请推荐Seattle在房间设施、性价比、卫生干净三方面都比较均衡的酒店。,"Summary: 推荐Seattle设施舒适、卫生干净且性价比均衡的酒店。
Recommendations:
1. Hotel Sorrento - 房间舒适且整体体验极佳。 | 位置优越且价格合理。
2. Four Points By Sheraton Downtown Seattle Center - 房间宽敞干净且床铺舒适。 | 房间空间大且设施舒适。",推荐Seattle设施舒适、卫生干净且性价比均衡的酒店。,,"{""recommendations"": [{""hotel_id"": ""75fef46b9663"", ""hotel_name"": ""Hotel Sorrento"", ""reasons"": [{""aspect"": ""cleanliness"", ""reason_text"": ""房间舒适且整体体验极佳。"", ""sentence_id"": ""70104a60ccc20263_s002""}, {""aspect"": ""value"", ""reason_text"": ""位置优越且价格合理。"", ""sentence_id"": ""c9e7e8769ff06792_s000""}]}, {""hotel_id"": ""5ac72eb101c1"", ""hotel_name"": ""Four Points By Sheraton Downtown Seattle Center"", ""reasons"": [{""aspect"": ""cleanliness"", ""reason_text"": ""房间宽敞干净且床铺舒适。"", ""sentence_id"": ""06e98a924068cb93_s003""}, {""aspect"": ""room_facilities"", ""reason_text"": ""房间空间大且设施舒适。"", ""sentence_id"": ""773410cb8381abf1_s029""}]}], ""summary"": ""推荐Seattle设施舒适、卫生干净且性价比均衡的酒店。"", ""unsupported_notice"": """"}",2
blind_020_D,bundle_020,D,请推荐Seattle在房间设施、性价比、卫生干净三方面都比较均衡的酒店。,"Summary: 推荐Seattle设施舒适、卫生干净且性价比高的酒店。
Recommendations:
1. Hotel Sorrento - 房间更新且干净，无陈旧霉味。 | 价格实惠，值得再次入住。
2. Four Points By Sheraton Downtown Seattle Center - 房间宽敞干净，床铺舒适。 | 位置优越且价格低廉。",推荐Seattle设施舒适、卫生干净且性价比高的酒店。,,"{""recommendations"": [{""hotel_id"": ""75fef46b9663"", ""hotel_name"": ""Hotel Sorrento"", ""reasons"": [{""aspect"": ""cleanliness"", ""reason_text"": ""房间更新且干净，无陈旧霉味。"", ""sentence_id"": ""e4ef84bc184f5625_s003""}, {""aspect"": ""value"", ""reason_text"": ""价格实惠，值得再次入住。"", ""sentence_id"": ""b28ce0d152c11807_s006""}]}, {""hotel_id"": ""5ac72eb101c1"", ""hotel_name"": ""Four Points By Sheraton Downtown Seattle Center"", ""reasons"": [{""aspect"": ""cleanliness"", ""reason_text"": ""房间宽敞干净，床铺舒适。"", ""sentence_id"": ""06e98a924068cb93_s003""}, {""aspect"": ""value"", ""reason_text"": ""位置优越且价格低廉。"", ""sentence_id"": ""3d6107babb5d5335_s006""}]}], ""summary"": ""推荐Seattle设施舒适、卫生干净且性价比高的酒店。"", ""unsupported_notice"": """"}",2
