sentence_id,hotel_id,city,sentence_text,aspect_gold,sentiment_gold,is_multi_aspect,notes
0dd1db6f8e5e26ee_s004,bfb10d66f821,Anaheim,Staff was great and accommodations were excellent!!,service;room_facilities,positive,1,
100c12d8780361ba_s005,4ba7bdc9b246,San Diego,The room was clean and comfortable.,cleanliness;room_facilities,positive,1,
118e4ecd9e753fb9_s004,445d9279fa58,New Orleans,"Again, very personable helpful assistance at the desk, full breakfast excellent, elevator musty, room not so clean, internet not working, one phone not working.",cleanliness;service;room_facilities,negative,1,"Service is positive, but cleanliness and facilities complaints dominate."
1475121e84cd022b_s025,75334fbbe64c,New Orleans,"It's old and smells a bit musty, but I don't mind that.",cleanliness;room_facilities,neutral,1,Negative room age and smell are softened by explicit acceptance.
1b1fece8ca00ba29_s005,4ba7bdc9b246,San Diego,The beach access is perfect and the beach was clean.,location_transport,positive,0,
295d3fa4712e5fbe_s003,9e8bc983cff4,Honolulu,but it was definitely clean (might be time...,cleanliness,positive,0,
2f9ba7de916cc18c_s005,4ba7bdc9b246,San Diego,"While the decor wasn't fancy, the hotel was always clean.",cleanliness;room_facilities,positive,1,Cleanliness is the main point; decor is a minor facilities negative.
30d4c81010a302e8_s031,75334fbbe64c,New Orleans,"The room was very spacious, for the price and very clean.",cleanliness;room_facilities;value,positive,1,
325b056dca9a59ff_s004,75334fbbe64c,New Orleans,The fresh baked croissants were an excellent way to start the day.,general,positive,0,
4031a7045124ec2b_s000,75334fbbe64c,New Orleans,"Very well appointed room with floor to ceiling drapes, very comfortable king bed, very clean bathroom.",cleanliness;room_facilities,positive,1,
41c43b6ed15fc350_s001,b115571efdc5,San Diego,Clean enough for most folks. Free parking.,location_transport;cleanliness,positive,1,
446fe4eb31b44e7a_s004,98bd44439ff5,Orlando,do a great job with breakfast. Always clean.,cleanliness,positive,0,
4b08c4d5664e4f9f_s005,4ba7bdc9b246,San Diego,"The continental breakfast was more than I expected with waffles, pastries and a fresh assortment of fruit and cereal.",general,positive,0,
4dce240713906fb2_s001,b115571efdc5,San Diego,Room was larger and nicer than it looks in pics and was clean.,cleanliness;room_facilities,positive,1,
57aabee8f813a19b_s000,79c2d98fa1cb,Chicago,"Nice hotel, clean, great staff.",cleanliness;service,positive,1,
57f04df19b0a6ec5_s023,4ba7bdc9b246,San Diego,"Plenty of bath towels in a basket, as well as 2 blue beach towels which remained unused during this December visit.",room_facilities,neutral,0,
6043615dd8b7e2ae_s010,4ba7bdc9b246,San Diego,"Four Stars were given because the room was clean, the location was the best to the beach, parking was free, and the free breakfast was just perfect.",location_transport;cleanliness;value,positive,1,
6b820d4aaca4fba4_s000,7213d9173df3,San Diego,The hotel is clean and the staff was excellent.,cleanliness;service,positive,1,
6eda60bbb07c8e50_s010,4ba7bdc9b246,San Diego,They had beach toys for use and showers with hot water at the entrance form the beach so you can wash off the beach in comfort.,room_facilities,positive,0,
6f836748ae8d3271_s016,4ba7bdc9b246,San Diego,"Free breakfast on site was good:: kids like to make their own waffles, good selection of yogurt, bagels, cream cheese, hard-boiled eggs, fresh fruit, toast, jams and cereals, coffee, juice, milk.",general,positive,0,
752a5973845c49a7_s004,e0eeae8afde3,Orlando,"However the room was clean, my bed was made with fresh sheets every day, and the bathroom was spotless.",cleanliness,positive,0,
7ac0ebdb1468018c_s001,f6c6d40a783b,San Francisco,The room was small but nice and clean.,cleanliness;room_facilities,positive,1,
7cca396160465bfe_s001,5ac72eb101c1,Seattle,"Nice friendly staff, well set up clean rooms, close to activities, priced competitively.",location_transport;service;room_facilities;value,positive,1,
87bb7ea1d85019f0_s007,7213d9173df3,San Diego,"The food options were lacking, the fruit was not fresh, the eggs had an odd flavor, there were no breakfast meats at all, and the self-serve coffee was empty and when I politely alerted a staff member, I was basically ignored.",service,negative,0,Food-only complaints are ignored; the staff response is clearly negative.
89361c22dccb7e08_s001,4ba7bdc9b246,San Diego,"The hotel was lovely, and the rooms were spacious and clean.",cleanliness;room_facilities,positive,1,
8962e6d5ecc44443_s000,cabad4abd2ba,Orlando,The room was clean the staff knowledgable helpful.,cleanliness;service,positive,1,
8e15464d93812da1_s001,84953c35a9d0,San Francisco,"Rooms were clean and staff extremely helpful - it was our first time in San Francisco and they sorted us with eating advice, cheap hop on bus tickets...",cleanliness;service,positive,1,
94361d2f4f848bdf_s000,98bd44439ff5,Orlando,"Staff was very friendly, the breakfast was real good there was a lot to choose from, room was clean, bathroom was clean the only thing that was wrong in my room 227 is , the shower needs more water pressure, it took me twice as long to take a shower due to how slow the water was flowing.but over all I was very satisfied with my stay.",cleanliness;service;room_facilities,positive,1,Overall satisfaction dominates a narrower shower complaint; breakfast is ignored.
965de65da6725ac5_s000,b115571efdc5,San Diego,They've updated their rooms so it's brand new everything and also the bathroom is nice and spacious and clean.,room_facilities,positive,0,
9d0e43dfee1cf8a0_s001,bfb10d66f821,Anaheim,"Sure, this is an older hotel, but is clean and kept up well.",cleanliness;room_facilities,positive,1,
a7dda1575a4d275b_s012,bd1ba974bf11,Atlanta,The ceiling/walls in the bathroom had been recently spackled/repaired which is fine - except the cleaning staff did not clean up the dust from this repair.,cleanliness;room_facilities,negative,1,Mentions repair (room_facilities) and lack of cleanup (cleanliness). Sentiment is negative due to complaint about dust not being cleaned.
a8bd10563da4a4ba_s002,62fa571ddd54,San Diego,Room was clean and ready.,cleanliness,positive,0,
ab10bfa8445749fa_s000,5ac72eb101c1,Seattle,"A clean, well-run hotel in a great location for exploring the Queen Anne neighborhood of Seattle or walking to Seattle Center or downtown.",location_transport;cleanliness,positive,1,
abecc34449f82465_s002,5ac72eb101c1,Seattle,We stayed in two different rooms that were equally as clean.,cleanliness,positive,0,
bb5326ab2ba5e4d7_s000,cabad4abd2ba,Orlando,"We stayed for 4 nights and the room was very spacious, clean and modern.",cleanliness;room_facilities,positive,1,
c413e1a9f199709c_s003,b115571efdc5,San Diego,The rooms have been recently remodeled and were clean and spacious.,cleanliness;room_facilities,positive,1,
c51fd2dd0c51fb57_s004,d702791f5180,San Francisco,Rooms are clean and roomy with windows that open.,cleanliness;room_facilities,positive,1,
d8e1a13456c7d9ec_s001,98bd44439ff5,Orlando,"The rooms were in good shape, clean and everything was updated and worked well.",cleanliness;room_facilities,positive,1,
d9621d3e6c22c4fa_s005,75334fbbe64c,New Orleans,"But, the room was always clean, plenty of fresh towels bathroom amenities, as well as a fridge, microwave, big screen HD TV with premium channels ( not that we were in the room long enough to watch them, but...).",cleanliness;room_facilities,positive,1,
e0c23a7b7a812322_s014,1bb0433b9fb8,San Diego,"Overall, good room, great staff, and being clean is a winning model for a hotel.",cleanliness;service;room_facilities,positive,1,
e22a5ff4dbceef13_s002,72a9d2fbc96c,Atlanta,Room was very clean and comfortable.,cleanliness;room_facilities,positive,1,
e850e11d2a225644_s007,bfb10d66f821,Anaheim,The bathroom also had drippy stains on the wall and where the tub meets the floor was pretty dirty too.,cleanliness,negative,0,
ec1e4396484d5f98_s014,75fef46b9663,Seattle,The room smelled musty.,cleanliness,negative,0,
edda46d2b31ee1de_s000,98bd44439ff5,Orlando,This room was not clean.,cleanliness,negative,0,
f96c1156a872de70_s005,d702791f5180,San Francisco,"The lobby is perfectly nice, did not smell, and I was very comfortable sitting there waiting for my ubers.",cleanliness;room_facilities,positive,1,
f96c1156a872de70_s006,d702791f5180,San Francisco,"The room was clean, quiet and the bed was comfortable (and I am actually quite picky about springy mattresses).",cleanliness;room_facilities;quiet_sleep,positive,1,
fc602fa9ca949962_s005,4ba7bdc9b246,San Diego,And there's a fair amount of dust and sharing of the (slow) elevator with construction dudes rolling away carts of material to dump.,cleanliness;room_facilities,negative,1,
fd8ee1ed05493119_s014,e0eeae8afde3,Orlando,There were weird brown stains on the bath.,cleanliness,negative,0,
00ae51d3871c2234_s005,445d9279fa58,New Orleans,Walk in and glass doors.,room_facilities,neutral,0,fragmentary description of room entry feature
00ae51d3871c2234_s013,445d9279fa58,New Orleans,"I hope you change your mind about returning to our hotel, please keep my email and phone number below so I can do everything possible to assist in reserving the area of the hotel which makes you most comfortable.",service,positive,0,
00e1847192ea117a_s002,445d9279fa58,New Orleans,Still an easy walk throughout the French Quarter.,location_transport,positive,0,
0d5a1bcb95dcd8a1_s007,445d9279fa58,New Orleans,A little dreary but good for the price and location.,location_transport;value,positive,1,"Ambience is dull, but the explicit judgment is good for the price and location."
142598d51208217e_s000,f6c6d40a783b,San Francisco,The hotel is conveniently located a few blocks from Union Square and we like that the room has decent size as well.,location_transport;room_facilities,positive,1,
164931693ae58a15_s021,bfb10d66f821,Anaheim,The area does close at exactly 930 so you need to get there early.,location_transport,neutral,0,
19491c06fc3538be_s003,4ba7bdc9b246,San Diego,It was a great location right on the beach.,location_transport,positive,0,
22a78f9df4c0c684_s008,4ba7bdc9b246,San Diego,"Some reviewers complain about the noise, but that is because there are a number of restaurants and pubs nearby - we were not bothered by their proximity.",location_transport;quiet_sleep,neutral,1,
23cdc85d91520f94_s002,e0eeae8afde3,Orlando,"Pros:20 mins walk to UniversalOver the road from Wet n WildVery cheapWalgreens just over the road, as is a KFCDairy Queen around the corner for yummy foodComfy beds (really comfy)Free WiFi in lobbyCons:Not particularly helpful staffNoise constantly all through the night from iFLYTheft - we stayed in two rooms and something went missing from both of them (staff didn't seem to care, we got one item back from a cleaner after bringing the Police in)Decor - paint and plaster peeling from wallsCleanliness - floors and bathroom wasn't cleaned every day (although fresh towels were available every day and beds were made daily)Noisy hotel - constant noise from other guestsSummary:So in summary, the thefts from maids is enough for me to recommend you don't stay here (we even know the maid was still kept on even after admitting taking the item!!!!).Its in a good location but other better hotels are also in this area, so book those first.",location_transport;cleanliness;service;room_facilities;quiet_sleep;value,negative,1,Explicit final recommendation not to stay outweighs earlier positives.
240066085a3d19d6_s000,d30be52b2a2a,Dallas,"We stayed here because there was a group on and I am a Mariott Rewards Elite member, AND I have stayed at MANY residence inn's across the US.This was a great location, right off the expressway and MINUTES away from most things in Dallas.",location_transport,positive,0,
2f9ba7de916cc18c_s012,4ba7bdc9b246,San Diego,"You can also walk pretty much anywhere in Pacific Beach from here shopping, restaurants, etc.",location_transport,positive,0,
31cf297c24ae081c_s007,4ba7bdc9b246,San Diego,The staff (especially Benny these two stays) are so helpful and pleasant that it feels like we are coming home each time we check in and that attitude helps the relaxation start when we walk into the lobby.,service,positive,0,
509d95d6348adc03_s000,f6c6d40a783b,San Francisco,"This centrally located hotel really tries to be hip and trendy, but the rooms leave a bit to desired.",location_transport;room_facilities,negative,1,The but-clause makes room dissatisfaction the final takeaway.
51715f1f263e4378_s000,9e8bc983cff4,Honolulu,"Even though this hotel is located (north end of Waikiki) away from the hustle and bustle of central Waikiki, we found this a wonderful spot.",location_transport,positive,0,
540633ecaaddf7cb_s001,bd1ba974bf11,Atlanta,"The first night, some sort of water leak wet the carpet near the bathroom.",room_facilities,negative,0,
57aabee8f813a19b_s007,79c2d98fa1cb,Chicago,This area is a little too close to (actually considered) the west side for my taste.,location_transport,negative,0,
5d5c08b0a60f6481_s011,4ba7bdc9b246,San Diego,Many restaurants and bars walking distance.,location_transport,neutral,0,
6043615dd8b7e2ae_s008,4ba7bdc9b246,San Diego,2. Ice machine not near the room.,room_facilities,negative,0,
678cdefb30f1f0cc_s004,98bd44439ff5,Orlando,Location was really convenient.,location_transport,positive,0,
67d0527268635df0_s001,445d9279fa58,New Orleans,The hotell is close to the city centre.,location_transport,neutral,0,
69458710f98babd6_s000,75334fbbe64c,New Orleans,"Great location, near the Canal trolly, easy to get around, great staff!",location_transport;service,positive,1,
69e432ef3aff803e_s000,75fef46b9663,Seattle,"This place was somewhat too expensive for me, but I chose it because close distance to the Convention Center was critical for me, and closer hotels were even more expensive.",location_transport;value,neutral,1,Price and location are presented as a tradeoff rather than a clear final judgment.
6a585f86b8714d5c_s000,bd1ba974bf11,Atlanta,Convenient location for Midtown.,location_transport,positive,0,
6de6181858aa8d78_s004,e0eeae8afde3,Orlando,It is right on International Drive and takes about 30 seconds to get to wet n wild so you can walk there and save on parking.,location_transport,positive,0,
74253f6620c5c202_s006,85a18ed72b1c,Dallas,Its 15 minutes to a half hour into downtown depending on time of day.,location_transport,neutral,0,
7596dd0b4a2d1eb8_s000,445d9279fa58,New Orleans,"Great location and great service...Beautiful courtyard with a pool, fountain, and serene sitting areas..",location_transport;service;room_facilities,positive,1,
78c0545cebd9c695_s002,1bb0433b9fb8,San Diego,"The rooms are modern, with a wonderful office and sitting area setup.",room_facilities,positive,0,
7e07d839c553a5ac_s010,445d9279fa58,New Orleans,I do apologize for not having microwaves in our rooms but we do always have our microwave available to guests in the breakfast area.,service;room_facilities,neutral,1,
7e97a6e85a7bbcfc_s001,f6c6d40a783b,San Francisco,"The location, our rooms, the staff, the rate -- it was all fabulous! :)",location_transport;service;room_facilities;value,positive,1,
883c8e8c0e6f9edc_s009,445d9279fa58,New Orleans,"Rooms face the courtyard, nearby buildings, the street - so be sure to request the view / area that most suits your needs.",room_facilities,neutral,0,
8b951ff30f9ebc3c_s003,f6c6d40a783b,San Francisco,"The hotel is walking distance to lots of restaurants, shopping, entertainment and the train station!",location_transport,positive,0,
8ca4d38a9dbaa0a0_s004,4ba7bdc9b246,San Diego,Great location for a lot less cost.,location_transport;value,positive,1,
93e5eab041b7a0da_s002,75334fbbe64c,New Orleans,"We loved our room, we loved the location (close to everything, but secluded when compared to Bourbon St), the morning croissants were a great and welcome touch, and we even took the advantage of the pool (rarely used for some reason!).",location_transport;room_facilities,positive,1,"Food is ignored; room, location, and pool remain positive."
9a164e5741f44370_s001,85a18ed72b1c,Dallas,The full kitchen and living room area are comfortable and the beds with large closet are great.,room_facilities,positive,0,
9b55407aef808bf2_s000,f6c6d40a783b,San Francisco,Location of hotel is nice with good price.,location_transport;value,positive,1,
a9eb6c867c6c0e62_s001,75334fbbe64c,New Orleans,"This hotel has the perfect price, is in the most perfect location and has the the friendliest staff.",location_transport;service;value,positive,1,
aa819eb8262e19a9_s000,f6c6d40a783b,San Francisco,"So glad we chose Hotel Diva, staff was super, hotel was clean and convenient location.",location_transport;cleanliness;service,positive,1,
b7ba3a2e08377c95_s000,4ba7bdc9b246,San Diego,"Stayed here because I attended a seminar at the Catamaran hotel, a 10-15 min walk on the boardwalk.",location_transport,neutral,0,
bad29eb8b187257d_s000,84953c35a9d0,San Francisco,Booked online without taking proper account of location which is in an area which is looking rather tired and feels a bit downmarket.,location_transport,negative,0,
c1fc69092404fcd5_s009,5ac72eb101c1,Seattle,"We felt perfectly safe walking in the evening and there are plenty of eating options, like a nice Pho Viet Anh and the corner QFC market which is open 24 hours.",location_transport,positive,0,
ca942f3ccecbf42a_s013,e0eeae8afde3,Orlando,Tell reception immediately- as they shouldn't be there!This hotel is very close to Universal- which is very good!,location_transport,positive,0,
ce7f09356d9f6c99_s003,bd1ba974bf11,Atlanta,( you do walk through a church parking lot).,location_transport,neutral,0,
d4afd6d56c48a3ea_s000,445d9279fa58,New Orleans,"The location, just on the verge of French Quarter with 5-minute walk to its center sells this htel easily.",location_transport,positive,0,
d5f10ac1755f7af0_s004,98bd44439ff5,Orlando,this hotel is in the middle of nowhere.,location_transport,negative,0,
eb502decea6868f3_s000,f6c6d40a783b,San Francisco,This hotel is conveniently located few mins away from Union square.,location_transport,positive,0,
ec54e73d8395978f_s002,75334fbbe64c,New Orleans,We were a little worried because we had never stayed downtown New Orleans and did not know what to expect.,location_transport,neutral,0,
eefa3b402d59a975_s011,75334fbbe64c,New Orleans,The location is quiet at night and close to the French Quarter as well as the Warehouse District.,location_transport,positive,0,
f3ce6c2c2855c43a_s001,4ba7bdc9b246,San Diego,He helped get us settled in our room and even suggested a mexican restaurant within walking distance of the hotel (which was wonderful).,location_transport;service,positive,1,
fd03cf5a67937e1b_s001,79c2d98fa1cb,Chicago,I walked from the hotel to the Greek neighborhood and it was just 25 minute walk.,location_transport,neutral,0,
164931693ae58a15_s005,bfb10d66f821,Anaheim,I was a bit nervous that traffic might be bad around game time as fans are coming in but I was surprised to see no traffic at all.,location_transport,positive,0,
240066085a3d19d6_s005,d30be52b2a2a,Dallas,"I read some other reviews and can say that while this isn't a 2014 newly built property it really is in great shape, wear and tear here and there but nothing that was really out of the ordinary from other hotels, there were no stains on the floors, no holes in walls, doors worked great, the noise outside the halls and outside were nothing bad and no weird smells!The pool was a little highly chlorinated",cleanliness;room_facilities;quiet_sleep,positive,1,
38d5e694262fa690_s000,bfb10d66f821,Anaheim,I found this whole place to be a night mare.,general,negative,0,
3d5eef749c410a2a_s001,75334fbbe64c,New Orleans,"To top it off, its situated perfectly in the New Orleans CBD, just a minute walk to the quarter, but a world away in terms of quiet and calm late night.",location_transport;quiet_sleep,positive,1,
3e559efaedf94bea_s001,98bd44439ff5,Orlando,"so many choices... sausage gravy and biscuits, waffles, hard boiled eggs, yogurt, egg omletes, sausage patties.great location... 5 miles from UCF, right off hwy but very quiet hotel.this will definately be our hotel of choice for the next 4 years while our son attends UCF!Dear",location_transport;quiet_sleep,positive,1,Food is ignored; the stable hotel aspects are location and quietness.
49911daad46da536_s009,7213d9173df3,San Diego,This is Hotel Circle for crying out loud and they charge 18 bucks a day which is ridiculous.,value,negative,0,
50445e282a418b99_s000,98bd44439ff5,Orlando,"As with other reviews, in spite of the freeway noise the hotel is above par, on the older side but extremely well maintained.",room_facilities;quiet_sleep,positive,1,Mentions noise (quiet_sleep) and maintenance/age (room_facilities) with overall positive sentiment.
555d5efc2b425245_s018,f6c6d40a783b,San Francisco,They may want to consider those little please do not disturb door hangers to solve that problem.,service,neutral,0,"suggestion for improvement, not clearly positive or negative"
5ce51e8349df8829_s001,75334fbbe64c,New Orleans,"The hotel has quiet rooms, excellent shower, complimentary French breakfast, very very friendly personnel: after a day in town it really felt like coming home.",service;room_facilities;quiet_sleep,positive,1,"Mentions complimentary French breakfast, but it's part of a broader positive experience. Core aspects are quiet rooms, shower (facilities), and friendly personnel (service)."
5d5c08b0a60f6481_s004,4ba7bdc9b246,San Diego,The rooms were quiet and comfortable.,room_facilities;quiet_sleep,positive,1,
64a198c9f6ff9412_s007,79c2d98fa1cb,Chicago,"The next day after work (after getting little sleep the night before), I tested the bed.",room_facilities,neutral,0,
64a198c9f6ff9412_s029,79c2d98fa1cb,Chicago,"And after all, a good nights sleep is a BASIC requirement for business travel.",quiet_sleep,negative,0,The fragment expresses dissatisfaction about not getting proper sleep.
68d99b391b76ab76_s003,bfb10d66f821,Anaheim,Halls were loud with people talking.,quiet_sleep,negative,0,
6aa9190abb14fc73_s002,98bd44439ff5,Orlando,"We were moving my cousin to Orlando, and needed a late night hotel last minute.",general,neutral,0,
722d306de8abe7e1_s001,75334fbbe64c,New Orleans,"Quiet location, older building with character, which is my preference over a large chain hotel.",location_transport;quiet_sleep,positive,1,
7b86d768a0003b06_s008,f6c6d40a783b,San Francisco,Shower seemed newer than the rest of the room.,room_facilities,neutral,0,
7d7f083465a36194_s001,84953c35a9d0,San Francisco,"The room looked out onto a brick wall on the ground floor at the back of the hotel - it was awful, very depressing.",room_facilities,negative,0,
858b616c6e21c1dd_s000,4ba7bdc9b246,San Diego,"My daughter won a charity silent auction for 2 nights at the Ocean Park Inn, and she gave it to me as a Christmas present.",general,neutral,0,
8abae5978177545d_s008,4ba7bdc9b246,San Diego,We slept with the balcony door open to get the ocean breeze and the soft soothing sound of the waves.,quiet_sleep,positive,0,
8ad3e7801c4a0147_s007,445d9279fa58,New Orleans,"Check in was ok, no worries, we had a room on the 2nd floor overlooking the pool....big mistake.....TV wasnt working, reported it to front desk the first day, they forgot, after a sleepless night listening to people come and go at all hours right outside our room and walking back and forwards along the balcony we mentioned it to the front desk and 2 young men were very helpful, one was Lawrentey and the other I cannot remember his name..we mentioned TV not working and no light globe in our bathroom light, but the person who was going to fix it had left so they gave us another room, next door....at least the light worked and the TV.......5 out of 6 nights were noisy noisy noisy, security is apparently on site 10pm-7am",service;room_facilities;quiet_sleep,negative,1,Helpful staff recovery does not outweigh repeated facilities failures and noise.
8cf37f8e6f1d8d8d_s001,bfb10d66f821,Anaheim,I usually dont have my room cleaned during the week because I'm an adult and should clean up after myself but the Do Not Disturb sign was not in my room.,service,negative,0,
98bd0180f4d2ee20_s008,4ba7bdc9b246,San Diego,It is quiet right on the boardwalk close to great food and nightlife.,location_transport,positive,0,
992efc8377a2fb89_s004,f6c6d40a783b,San Francisco,We had a double room with two separate sleeping areas.,room_facilities,neutral,0,
a243a116cf032379_s007,445d9279fa58,New Orleans,A/C unit made rattle noise.,room_facilities,negative,0,
a50fcbdf6353e969_s010,bfb10d66f821,Anaheim,"We asked to be moved our 2nd day to the courtyard side of the building, we were moved and the rest of our stay was very quiet.",quiet_sleep,positive,0,
a85a7d10d0557a33_s001,98bd44439ff5,Orlando,Big hole in the bathroom wall were this bug/roach came out of.,room_facilities,negative,0,Describes a maintenance/hygiene issue with the physical structure of the room.
a9f1255acc8db1b3_s004,f6c6d40a783b,San Francisco,I moved to s smaller back room that was not as nice as 320 but managed to get some sleep for the remainder of my stay.- book well ahead if you are going during a conference event.,room_facilities;quiet_sleep,negative,1,
b0ee8901aec7a87d_s002,bfb10d66f821,Anaheim,There was plenty of room (only in there to sleep).,room_facilities,positive,0,
b6a817cff00bf91c_s007,d702791f5180,San Francisco,The biggest problem was that the area was loud at night with the homeless and druggies talking/yelling until 1am.,quiet_sleep,negative,0,
b6c24fcdd7cc698d_s012,4ba7bdc9b246,San Diego,"There is a bar/restaurant on the front side of the Inn, which was loud at night, but we could not hear any of that noise from our room.",quiet_sleep,positive,0,
c3e79b1b9a74c77e_s033,84953c35a9d0,San Francisco,So my sister decides we sleep with the lights on.,quiet_sleep,negative,0,The fragment still clearly signals a bad sleeping situation.
c423c2fe211b23b7_s005,445d9279fa58,New Orleans,The location was nice because it was just a few minute walk Into the heart of the French Quarter but far enough away to avoid the noise.,location_transport,positive,0,
c8dbee813894ba8f_s008,f6c6d40a783b,San Francisco,You will not be able to sleep without the ear plugs.,quiet_sleep,negative,0,
ce56eaa4a8571100_s011,75334fbbe64c,New Orleans,We went to bourbon st on Christmas night and found it to be fine .... Pretty quiet,location_transport;quiet_sleep,positive,1,
d12c210f2e93f926_s000,84953c35a9d0,San Francisco,"Great location, close to Union Square and bus routes but not right in the middle of all the noise.",location_transport,positive,0,
d4d6905e6d0f82ef_s004,75334fbbe64c,New Orleans,"The bed were comfy, and the room quiet despite being right next to the hustle and bustle.",room_facilities;quiet_sleep,positive,1,
d61938f864e19213_s002,f6c6d40a783b,San Francisco,Plus it was really loud even at night which made sleeping difficult.,quiet_sleep,negative,0,
d723bef66c29cba4_s007,84953c35a9d0,San Francisco,I wish you would have booked directly to avoid 3rd party issues with these companies and hope you called me directly so that we could have accommodated your request due to this unfortunate incident.,service,neutral,0,
d9b3f36c13a73a6b_s008,445d9279fa58,New Orleans,The location results in a quieter sleep but verify your surroundings before venturing.,location_transport;quiet_sleep,positive,1,The main judgment is that the location helps with quieter sleep; the caution is secondary.
ddfe01ae6b76cea1_s002,75334fbbe64c,New Orleans,The only down side is the walls are thin so its very noisy.,quiet_sleep,negative,0,
ea6d0e08c09a1b75_s012,4ba7bdc9b246,San Diego,"Friday through Sunday night were busy, and there was lots of music and bar noise, however, the sliding patio doors are some crazy industrial strength, and with the door closed, a lot of the noise was reduced.",quiet_sleep,neutral,0,"Noise was present, but the doors also mitigated it."
eb5508bc0208ba83_s005,98bd44439ff5,Orlando,"the Air con was noisy, we were travelling around so were not here too long thank goodness.",room_facilities,negative,0,
f06c47210d20df2f_s020,f6c6d40a783b,San Francisco,"They tested it over and over, and it was painfully loud and jarring.",room_facilities,negative,0,
f094cae19c4a2484_s003,4ba7bdc9b246,San Diego,"We stayed on 2nd floor, it is a bit noisy from the boardwalk traffic down below.",quiet_sleep,negative,0,
f4f26d6ec3b7ef57_s024,75334fbbe64c,New Orleans,"Mind you, there is noise, but it is city noise which you would get in any city hotel such as fire trucks making runs or ambulance runs.",quiet_sleep,neutral,0,
f5204938ef4c433e_s000,f6c6d40a783b,San Francisco,I can't sleep comfortably in a hotel if I don't feel my room is clean.,cleanliness,negative,0,
f8f2ed3be89dc73a_s000,98bd44439ff5,Orlando,"Good customer service , room clean, quiet , nice are but one thing difrent information on site than what they give you on the phone.",cleanliness;service;quiet_sleep,positive,1,A minor information mismatch does not outweigh the mainly positive assessment.
fe2c6da3934f0533_s002,98bd44439ff5,Orlando,"Able to clearly hear street noise, not able to access high-speed internet despite room being close to lobby.",room_facilities;quiet_sleep,negative,1,
06880a3b0199e02b_s001,f6c6d40a783b,San Francisco,"Front desk staff are excellent, and knowledgeable about San Francisco.",service,positive,0,
0975154011c4bd04_s003,b115571efdc5,San Diego,"Our room was extremely clean, quiet and had a hot tub!",cleanliness;room_facilities;quiet_sleep,positive,1,
16bf95563c918e98_s008,4ba7bdc9b246,San Diego,From the patio you do get a slight view if you turn one of the chairs and put it right in the corner.,room_facilities,neutral,0,
1ba6f1bee9ad83ab_s014,85a18ed72b1c,Dallas,Cop cars everywhere and the neighborhood didnt seem very safe.,location_transport,negative,0,
235b082019d11770_s006,75334fbbe64c,New Orleans,Loved the wood floors and large windows.,room_facilities,positive,0,
2dfe55d34dbcaf4e_s008,445d9279fa58,New Orleans,but hey it's the French Quarter and we weren't looking to do aerobics in the room . .,room_facilities,negative,0,
30d4c81010a302e8_s036,75334fbbe64c,New Orleans,Of additional note was our view - of which there was none.,room_facilities,negative,0,
31b2accdc5c57ef6_s012,f6c6d40a783b,San Francisco,There were only two things we would suggest - 1) have both elevators working and 2) it would have been nice to have the sink in the bathroom.,room_facilities,negative,0,"Suggests improvements for elevator and bathroom sink, both related to room facilities."
35782c67018ebb5c_s003,bfb10d66f821,Anaheim,"and Very comfortable Free internet that connected easily and quickly, no special codes required.",room_facilities,positive,0,
3abf841092d7fb3f_s001,ad12fec3ad85,San Francisco,Such a charming bed and breakfast with character.,general,positive,0,
4043380019dbccf2_s007,75334fbbe64c,New Orleans,"I know sometimes at hotels water pressure is not the best, but the hotel shower water pressure was really low.",room_facilities,negative,0,
57f04df19b0a6ec5_s016,4ba7bdc9b246,San Diego,"There are plenty of windows all along the hallways, so it felt bright and fresh, unlike some hotels that have dark, no-window hallways.",room_facilities,positive,0,
5997f54c4312ee12_s001,7669c6fc99e7,Chicago,"We were on the 15th floor, and our room had high ceilings, was clean and still looked new.",cleanliness;room_facilities,positive,1,
59cfe00eb1d98e13_s002,7213d9173df3,San Diego,Surprised at the quality of the breakfast - get there early - and the pool area.,general,positive,0,
6043615dd8b7e2ae_s011,4ba7bdc9b246,San Diego,Although the cost of the room was very very high for a room with no ocean view.,value,negative,0,
665a5dc6c3e75b46_s007,4ba7bdc9b246,San Diego,7. Parking in garage is very tight.,location_transport,negative,0,
6753a5bd8dd814c9_s002,bd1ba974bf11,Atlanta,Rooms basic - no real issues other,room_facilities,neutral,0,
68d99b391b76ab76_s009,bfb10d66f821,Anaheim,Nice to have a kitchenette.,room_facilities,positive,0,
6eda60bbb07c8e50_s017,4ba7bdc9b246,San Diego,That said we will look to this property again next year on our annual beat the heat of Phoenix trip to San Diego.,general,positive,0,
7108c40a8d7c4d96_s003,75334fbbe64c,New Orleans,Our top floor suite had beautiful exposed beams and brick walls.,room_facilities,positive,0,
773410cb8381abf1_s028,5ac72eb101c1,Seattle,Only one phone on the desk in the living room.,room_facilities,neutral,0,
77d425dd3d48b096_s004,bfb10d66f821,Anaheim,A grab and go breakfast was included along with free WiFi and parking.,location_transport;room_facilities,positive,1,Breakfast is ignored; parking and WiFi remain as stable core aspects.
79dbe0d6bb525f9c_s007,75334fbbe64c,New Orleans,The bed was comfortable and the TV had good channels.,room_facilities,positive,0,
7ae65bffdd44f228_s018,62fa571ddd54,San Diego,I like the pull out desk/table.,room_facilities,positive,0,
8331c41945ff40e4_s003,4ba7bdc9b246,San Diego,"they gave us what we wanted, a room with an ocean front balcony with fully working microwave and fridge, we couldn't ask for more!",room_facilities,positive,0,
883c8e8c0e6f9edc_s005,445d9279fa58,New Orleans,"My room on the 2nd floor overlooked the lovely courtyard with trees, chairs to relax and an out door pool.",room_facilities,positive,0,
8abefb1723066095_s002,445d9279fa58,New Orleans,"The room we had was very comfortable - a bit small, but it was pretty, clean, quiet and very nice.",cleanliness;room_facilities;quiet_sleep,positive,1,
8e26793b983615cf_s009,f6c6d40a783b,San Francisco,The deadbolt on my room door did not lock properly.,room_facilities,negative,0,
923ad2587b7f310c_s005,d30be52b2a2a,Dallas,"The couch itself didn't look that clean, so I bought new linen and he slept on it instead.",cleanliness,negative,0,
930cb88365211722_s004,1bb0433b9fb8,San Diego,"Rooms are nice and have good views, no matter which way you face.",room_facilities,positive,0,
94e39a1fd00eec86_s002,75334fbbe64c,New Orleans,"FIrst Ariel and Amy at the front desk were wonderful, both with checking in, helping with the car, finding places, etc... and I did test them.",service,positive,0,
9a164e5741f44370_s000,85a18ed72b1c,Dallas,"The rooms are very nicely decorate and cleaned, really enjoyed staying here.",cleanliness;room_facilities,positive,1,
9e3aa7bac47671b2_s003,84953c35a9d0,San Francisco,The room is clean and has all you need.,cleanliness;room_facilities,positive,1,
a3d7d7d17030976e_s003,79c2d98fa1cb,Chicago,This property was not that. Room was okay.,room_facilities,neutral,0,
a7dda1575a4d275b_s007,bd1ba974bf11,Atlanta,But wait - the movie channels were not working on the TV- so no movie or play!,room_facilities,negative,0,
aeab2e19e9cb92b3_s010,75334fbbe64c,New Orleans,"I am diabetic, and having the fridge/ micro make life much easier when traveling.",room_facilities,positive,0,
af3edf9a5dd999d9_s003,98bd44439ff5,Orlando,The beds were comfortable and I was able to get a good nights sleep and a hearty breakfast before my flight back.,room_facilities;quiet_sleep,positive,1,Breakfast is ignored; comfort and good sleep remain.
b47d0f1e06463977_s009,4ba7bdc9b246,San Diego,Yogurt and hard boiled eggs get old fast. 2. Towel racks...,room_facilities,negative,0,Breakfast is ignored; the remaining facilities complaint is negative.
baf2829d2a8301fa_s005,85a18ed72b1c,Dallas,The room looks as if it had been updated recently.,room_facilities,neutral,0,
c1fc69092404fcd5_s002,5ac72eb101c1,Seattle,"The suite was spacious, and having a coffee maker, microwave and refrigerator made our stay in Seattle feel like staying at home.",room_facilities,positive,0,
c413e1a9f199709c_s002,b115571efdc5,San Diego,The hotel staff were friendly and very responsive and we loved the free parking!,location_transport;service,positive,1,
c8b535cc071a1b2f_s004,1bb0433b9fb8,San Diego,Thought it strange though that there was a huge exposed grey concrete support in the corner of the room.,room_facilities,negative,0,
cf0806de18aafa30_s002,62fa571ddd54,San Diego,The front desk staff are very hospitable and eager to assist.,service,positive,0,
d4d6905e6d0f82ef_s005,75334fbbe64c,New Orleans,"The only down side was that breakfast was a little thin for my liking: AMAZING fresh croissants, jam, coffee and jam.",general,positive,0,Breakfast-only sentence; the final emphasis is positive.
e0adb6c1ef33bc73_s004,98bd44439ff5,Orlando,Pleasant touches like a well made bed and artistically folded towels made the business trip more relaxing.,room_facilities,positive,0,
e0c23a7b7a812322_s006,1bb0433b9fb8,San Diego,"( Although the room is listed as a suite, the size is a bit smaller compared to other suite rooms IMO.",room_facilities,negative,0,
ec1e4396484d5f98_s024,75fef46b9663,Seattle,The bathroom is VERY small.,room_facilities,negative,0,
edcc3b6e8e8d4d0c_s003,7213d9173df3,San Diego,"Internet work well, food was good, room was clean and quiet.",cleanliness;quiet_sleep,positive,1,
f4f26d6ec3b7ef57_s021,75334fbbe64c,New Orleans,"Oh, the reviews that mention leaving the room, coming back in the afternoon to an unmade bed and room are simply not true.",service,positive,0,
fd8ee1ed05493119_s012,e0eeae8afde3,Orlando,The hairdryer didn't work... there was no Iron in the room although there was an ironing board!,room_facilities,negative,0,
06a3aba53b5dad63_s011,75334fbbe64c,New Orleans,The staff on reception were really helpful and friendly and offered a lot of help in terms of getting around and parking our car - when we had collected our hire car after a few days.,service,positive,0,
11458226a0228ed3_s000,e0eeae8afde3,Orlando,"Ice machine broken, telephone broken, ice bucket dirty, run down hotel, overall stinky ordor, great customer service and guest services I would not recommend my enemies to this hotel..",cleanliness;service;room_facilities,negative,1,The explicit overall recommendation is negative.
25095e76f6ccbfb4_s005,445d9279fa58,New Orleans,When I asked a question about late check out no one was able to give me a straight answer.,service,negative,0,
260ed33340e4cf63_s017,e0eeae8afde3,Orlando,"Whoever you spoke too, they were always very helpful.",service,positive,0,
2ab7b3db0dc3d08a_s003,75334fbbe64c,New Orleans,Was told you had to order regular coffee from room service....,service,negative,0,
30d4c81010a302e8_s023,75334fbbe64c,New Orleans,"Upon checking in the woman at the front desk was busy, a little tired, but friendly.",service,neutral,0,
30d4c81010a302e8_s048,75334fbbe64c,New Orleans,"We said it wasn't, and he said housekeeping would give us one and that they put a new one in every day.",service,neutral,0,
375d8ee81ffac64b_s013,445d9279fa58,New Orleans,Check-out was easy and they held our bags.,service,positive,0,
485fdc7374128028_s008,75334fbbe64c,New Orleans,"There is nothing this staff of friendly, energy packed, helpful, willing to go beyond the norm, caring people will not do to make your stay the best experience possible.",service,positive,0,
509d95d6348adc03_s002,f6c6d40a783b,San Francisco,"I tried doing an early checkin after requesting it online, but was denied.",service,negative,0,
53933b6bd4c89715_s004,98bd44439ff5,Orlando,I am so very pleased that you found the service excellent and the rooms to be in good condition.,service;room_facilities,positive,1,
57aabee8f813a19b_s001,79c2d98fa1cb,Chicago,Very friendly and knowledgeable about surrounding area.,service,positive,0,
6043615dd8b7e2ae_s001,4ba7bdc9b246,San Diego,"On the day of check out at 11:02am, the maid was knocking on the door for us to vacate.",service,negative,0,"Implies pressure to leave early, negative comment on staff/service timing."
6309a5fe51f4c250_s009,4ba7bdc9b246,San Diego,"We checked Best Western (not willing to host the reception), The Surfer (not willing to consider any of it), The Cottages (",service,negative,0,
65b2813922f288d1_s001,7213d9173df3,San Diego,Staff is very friendly and helpful in assisting any requests we had.,service,positive,0,
667beb34e7d7221a_s003,445d9279fa58,New Orleans,They helped us book tours and answered any questions we had and provided suggestions when asked.,service,positive,0,
6aa9190abb14fc73_s026,98bd44439ff5,Orlando,I want to personally apologize again as did my staff did for the failure in our extermination program.,service,negative,0,apology for failure in extermination program implies a problem
70ada2e11e49e689_s003,f6c6d40a783b,San Francisco,Helpful concierge.,service,positive,0,
71c50fbf87afa9ed_s016,5ac72eb101c1,Seattle,"In fact, I would have given the staff members my remaining 4 x 500 starpoints codes.if I hadnt forgot about them at home.",service,neutral,0,
731955c0fb33fd5d_s000,f6c6d40a783b,San Francisco,"I found the Diva an ideal hotel for the price and the location, and I have no major complaints about the service or the room.",location_transport;service;room_facilities;value,positive,1,
748a79568a9e9fa0_s001,bfb10d66f821,Anaheim,When we checked in (don't remember her name but 1/8/18 evening shift) the clerk was extremely helpful and accommodating!,service,positive,0,
7f48b8079a8962cc_s019,bfb10d66f821,Anaheim,"Again, Teresa, The front office manager was more than accommodating.",service,positive,0,
883c8e8c0e6f9edc_s003,445d9279fa58,New Orleans,"It certainly made for a very nice welcome at check-in (which was efficient and quick).After quickly settling in, I was off to explore the French Quarter and the hotel location on the edge of the historic district makes walking to everything quite easy, yet it's just far enough away from the nightlife to keep things quiet at night.",location_transport;service;quiet_sleep,positive,1,
8e92f07fb373bc8c_s001,f6c6d40a783b,San Francisco,"Was perfect for my husb and I. Staff were very attentive and polite, greeted us everytime they saw us.",service,positive,0,
9506495343631d63_s009,79c2d98fa1cb,Chicago,The staff was very friendly and talkative too.,service,positive,0,
98bd0180f4d2ee20_s004,4ba7bdc9b246,San Diego,But he was great - very helpful on where to dine and drink.,service,positive,0,
a2ff8096f2e22026_s004,f6c6d40a783b,San Francisco,but I would much more appreciate if the staff could tell ma at once when I store the luggage but not at the second time when i check-in.,service,negative,0,
a50fcbdf6353e969_s011,bfb10d66f821,Anaheim,The staff was very pleasant.,service,positive,0,
a97ff4af2d37eddf_s019,bfb10d66f821,Anaheim,We did try and assist you in removing as many of the movie items as we could.,service,neutral,0,
a9b31551cfbd228d_s004,79c2d98fa1cb,Chicago,The attached restaurant Rooks corner I felt was overpriced but the food and the service for good.,service,positive,0,Restaurant price is ignored; the service itself is positive.
ae6c9544a312b308_s007,f6c6d40a783b,San Francisco,"The whole floor complained about them, and I heard staff constantly coming up to tell them to keep it down.",service;quiet_sleep,negative,1,
afd2c3ff9f7fb08f_s001,9e8bc983cff4,Honolulu,"The reception and housekeeping staff are very friendly, responsive and knowledgeable, we were warmly welcomed and check-in for both our rooms was very quick and easy.",service,positive,0,
b1d28a04b530d258_s004,75334fbbe64c,New Orleans,"A Great concierge , the others were okay.",service,positive,0,Great concierge is the stronger final signal; the rest are only okay.
b76c54e2be781bc9_s005,98bd44439ff5,Orlando,The front desk staff was pleasant and check-in was easy.,service,positive,0,
c2b4c5a2c6590002_s000,84953c35a9d0,San Francisco,"Spent 3 nights at the Vertigo and can't really find anything to complain about check in was quick easy and friendly, our room on floor 7 was clean, big enough for us and fairly quiet other than an italian couple who deemed it acceptable at 7am to laugh and chat at the top of their voices!",cleanliness;service;room_facilities;quiet_sleep,positive,1,The explicit overall judgment is strongly positive despite a minor noise issue.
c3e79b1b9a74c77e_s009,84953c35a9d0,San Francisco,He was able to put us in a room before check-in time (Which is at 3pm) we arrived around 11am.,service,positive,0,
dc862fa4af078739_s004,9e8bc983cff4,Honolulu,We are very glad to hear that we were able to play a roll in making your first trip to Hawaii enjoyable and apologize for any problem,service,positive,0,apology for problems but overall positive tone
dd908c1c0146bf09_s007,445d9279fa58,New Orleans,Requested a late check out which was granted while we piddle around town bc our flight was at 6:30.,service,positive,0,
df6918937fa1eee4_s001,cabad4abd2ba,Orlando,Their employees are courteous and anxious to serve.,service,positive,0,
e0eb47498dba499b_s007,75334fbbe64c,New Orleans,The customer service is non-existent.,service,negative,0,
ec1e4396484d5f98_s008,75fef46b9663,Seattle,Friendly gentleman served me.,service,positive,0,
f449a808fe28aa3a_s009,75334fbbe64c,New Orleans,Check out the Ruby Slipper for breakfast but go early or there will be a long line.,general,neutral,0,
f4960e499c5acf38_s007,e0eeae8afde3,Orlando,At check in we were assigned room 211.,service,neutral,0,
f86f504e58eb3990_s000,f6c6d40a783b,San Francisco,"Clean room, comfortable furniture, and good service.",cleanliness;service;room_facilities,positive,1,
f9c4e7ccd0e49b82_s002,75334fbbe64c,New Orleans,The service was exceptional.,service,positive,0,
06c153e589443bf6_s002,75334fbbe64c,New Orleans,The parking fee is high but is all over New Orleans in the Quarter.,location_transport,neutral,0,
07bd1ac65f8600bc_s002,75334fbbe64c,New Orleans,But they had the car ready very quickly so not that big a deal.,service,positive,0,
090fc87d2d6a375e_s014,f6c6d40a783b,San Francisco,"Finally, the clerk offered that if an email receipt was sufficient, that he could just take our keys and send the receipt.",service,neutral,0,
26ed7fa129873153_s000,b115571efdc5,San Diego,"An older motel, but okay you get what you pay for.",value,neutral,0,"Describes hotel as older but acceptable for the price, focusing on value proposition."
270a0862c1fd5bc2_s002,f6c6d40a783b,San Francisco,"With complimentary sake, room service brunch, and the price, we will definitely be coming back.",value,positive,0,
28b6c1c80bfd2f55_s007,7213d9173df3,San Diego,"Breakfast had many items but lacked quality: the only good things we found were yoghurt and fresh fruit, cooked food was poor.",general,negative,0,
29d2bdcea458aad1_s001,7213d9173df3,San Diego,"For the money, you can't beat Hampton Inn Mission Valley.",value,positive,0,
2cf893df960dddab_s000,bfb10d66f821,Anaheim,Staying at TownePlace Suites was the best decision ever!,general,positive,0,
30d4c81010a302e8_s103,75334fbbe64c,New Orleans,"I asked if my valet fee could be refunded, as nobody had offered yet.",service,negative,0,
35e96f5117ddeccc_s005,75334fbbe64c,New Orleans,but the extra price I had to pay for being in this room versus the room my friends stayed in was substantial and the only difference was we had a patio door leading to a pool we could not use.,value,negative,0,
37724c3ad7c6137e_s002,75334fbbe64c,New Orleans,Cost of rooms booked directly by hotel was very reasonable.,value,positive,0,
442d1d9ec6d72854_s001,bfb10d66f821,Anaheim,It was a very nice room for the price.,value,positive,0,
446fe4eb31b44e7a_s002,98bd44439ff5,Orlando,"They will eventually loose Brenda at a high pay waitress job, as she can do it.",general,unclear,0,Fragmentary remark that does not stably evaluate a hotel aspect.
4b08c4d5664e4f9f_s003,4ba7bdc9b246,San Diego,"Patrick was a great resource and helped with directions, recommendations for eateries, and where to find cheap bike rentals.",service,positive,0,
4ff61b79c261e7e4_s002,79c2d98fa1cb,Chicago,Marriott just needs to spend some money updating.,room_facilities,negative,0,
53933b6bd4c89715_s000,98bd44439ff5,Orlando,Exelent hotel with a good location for vacations or business withh a good price and service.,location_transport;service;value,positive,1,
58a03e970d581959_s008,bfb10d66f821,Anaheim,"During our stay, we paid 113 per night for the AAA rate.",value,neutral,0,
5a274407c3e7c205_s011,f6c6d40a783b,San Francisco,"How we got the best rate: 229 New Year's Eve, 129 Jan 1st.",value,neutral,0,
63352ac5075b9cc3_s007,d702791f5180,San Francisco,but it's the principle of it that hurts us more than the money! Shysters!,value,negative,0,
64a198c9f6ff9412_s027,79c2d98fa1cb,Chicago,Finally just said Take the charge off now.,service,negative,0,
6b37d1f2b85f4422_s003,5ac72eb101c1,Seattle,The Wednesday night grill they include with the local brews deal is more than enough to make a dinner out of as well.,value,positive,0,The included grill and brews deal is best treated as a value positive.
6b49e4f8284fad82_s000,f6c6d40a783b,San Francisco,Location and overall quality are good.,location_transport,positive,0,Specific location evidence is retained; generic overall quality is ignored.
6d6f23f0f75a0bdd_s001,e0eeae8afde3,Orlando,hotel is what you pay for ...,value,neutral,0,
726611b8aea07e1e_s000,75334fbbe64c,New Orleans,Previous stays have been elsewhere in the area but price increases encouraged us to look around for this trip.,value,neutral,0,
7afe62e99779e33a_s010,4ba7bdc9b246,San Diego,Underground parking that cost 15 a day.,location_transport,neutral,0,
7b778ae3726c7e0a_s002,f6c6d40a783b,San Francisco,"When we arrived, our room was one of a smaller size, which the staff checking us in told us would be able to upgraded at no charge to us because we were staying so long!",service;room_facilities,positive,1,
85929a07010c58c8_s003,4ba7bdc9b246,San Diego,Underground parking- at a daily charge- is very convenient,location_transport,positive,0,
8b7da03038b27133_s002,72a9d2fbc96c,Atlanta,"Although the rooming arrangements were complicated (some were self-pay, some were paid by a grant) the entire process went extremely smoothly.",service,positive,0,
8ca4d38a9dbaa0a0_s001,4ba7bdc9b246,San Diego,"Price is right, clean rooms with great parking.",location_transport;cleanliness;value,positive,1,
97340f6cade5edb2_s001,98bd44439ff5,Orlando,The rates are excellent compared to other hotels in the area and the location very convenient for our purposes.,location_transport;value,positive,1,
9d3f39c87cc1ba03_s001,f6c6d40a783b,San Francisco,Many places are old or expensive.,value,negative,0,
9d3f39c87cc1ba03_s002,f6c6d40a783b,San Francisco,Diva maintains a funky vibe while being good value.,value,positive,0,
a12d9652ed79601f_s002,75334fbbe64c,New Orleans,"if you ask the desk to get you a cab they cost the same as if you had got your own which i thought was good.if your into rock / punk make sure you visit the dungeon bar in the french quarter it has great drink and the bar staff are lovely,we went in regular and they always liked to have a good chat with us.",location_transport;service;value,positive,1,Desk help and cab pricing support service and value; nearby bar advice supports location.
a3d7d7d17030976e_s006,79c2d98fa1cb,Chicago,"Breakfast was fine, the buffet is priced similarly to other Marriotts.",value,neutral,0,Food is ignored; the stable core signal is price comparison.
a58ec70cab72b459_s007,84953c35a9d0,San Francisco,The only complaint: We were offered a breakfast with our rate and the yogurt was warm.,general,negative,0,Breakfast-only complaint; the rate mention is only background.
aeecdc107fc6ff26_s010,e73773333429,Atlanta,They tried to charge me for items that I didn't buy.,service,negative,0,
b28ce0d152c11807_s006,75fef46b9663,Seattle,"Still, I thought the hotel was an excellent value for the money, and I would definitely stay there again.",value,positive,0,
c1fc69092404fcd5_s000,5ac72eb101c1,Seattle,The Four Points was a great hotel choice for my family of 4.,general,positive,0,
c65bb64c0f7884f3_s001,cabad4abd2ba,Orlando,"The hotel, being a Plus hotel didn't seem any better than a run of the mill Best Western.",value,negative,0,
c8dbee813894ba8f_s015,f6c6d40a783b,San Francisco,I went there via the secret hotel option on Travelocity - the hotel calls itself 3 1/2 stars.,general,neutral,0,
ce7f09356d9f6c99_s000,bd1ba974bf11,Atlanta,We took Marta from the airport and rented a car the following day downtown to save a lot of money.,location_transport,neutral,0,
d38931abb490415e_s000,f6c6d40a783b,San Francisco,"When pricing hotels, don't forget about the 50/night parking fee and the resort fee for this hotel.",value,negative,0,"Mentions specific extra fees (parking, resort) as a cost consideration."
d61938f864e19213_s003,f6c6d40a783b,San Francisco,"The hotel and service were great otherwise, I guess I got a bad room and no discount on it, so for me it wasn't worth the high price.",service;room_facilities;value,negative,1,The final judgment is that the bad room was not worth the high price.
ec54e73d8395978f_s001,75334fbbe64c,New Orleans,We found a good deal online for St. James Hotel.,value,positive,0,
f1f6a9c7aa1c8d3c_s001,98bd44439ff5,Orlando,"Are very interested in clean, comfortable lodgings with a good start to the day with a great breakfast included in the room rate.",general,neutral,0,Preference-like fragment rather than a stable evaluation of a hotel stay.
fc242f932b1b9e8c_s008,75334fbbe64c,New Orleans,"And than, the following morning, around the time that you ask, give or take 15 min, a person will bring in one pot of look warm, undrinkable, coffee, and one pre-hitted (by microwave) croissant, with a tiny piece of cheap butter and a tiny jar of jam.",general,negative,0,Food-only breakfast complaint stays in general.
0f03b8a0fd64de27_s001,445d9279fa58,New Orleans,We were really impressed with the staff at this location.,service,positive,0,
118da29cf723849c_s000,f6c6d40a783b,San Francisco,"Surrounding does not feel safe as there are many homeless people roaming around, especially when you are travelling alone Location was great.",location_transport,unclear,0,Safety concern and location praise conflict within the same aspect.
164931693ae58a15_s007,bfb10d66f821,Anaheim,The staff was nice enough to tell us a shorter way over to Disney and we were in the parking lot in under 5 minutes.,service,positive,0,
2b0334f2b4b1a78a_s000,4ba7bdc9b246,San Diego,Great Location and clean rooms.,location_transport;cleanliness,positive,1,
30d4c81010a302e8_s014,75334fbbe64c,New Orleans,Parking: Pro - Cheaper than other valet services at hotels in NOLA.,location_transport,positive,0,
30d4c81010a302e8_s039,75334fbbe64c,New Orleans,"We noticed, same day when housekeeping was still cleaning rooms, or just generally had the doors open (I have no clue why) that not only were a majority of the rooms empty, but they had much better views and were almost double the size of ours.",room_facilities,negative,0,Complains about room size and view compared to other rooms.
375d8ee81ffac64b_s017,445d9279fa58,New Orleans,"Somehow the maid had skipped ours, but when we asked her to take care of it she did right away.",service,positive,0,Initial negative situation (room skipped) resolved positively by staff action.
3cce7d20ec754239_s001,75334fbbe64c,New Orleans,"My wife I recently stayed there over our wedding weekend, and we were treated fantastically by the staff - setting us up with a particularly nice King Suite during our stay, and just generally making us feel as though we were truly at home.",service,positive,0,
3eb1d655f0c87913_s004,84953c35a9d0,San Francisco,"During that night, I didn't sleep more than 30 min. After complaining, they gave us a different room which was much better.",service;quiet_sleep,negative,1,Severe sleep loss dominates despite later service recovery.
42137a86bbe6e437_s007,84953c35a9d0,San Francisco,"I do appreciate you taking the time to recognize our staff, the great deal you found online and to our convenient location.",location_transport;service;value,positive,1,
4518e9b0cfe37353_s002,e0eeae8afde3,Orlando,"The breakfast is pretty poor but for the price what can you expect It's not the type of breakfast that you can have to aim to fill up for the day: coffee, juice (not real), cereal, toast, but it'll do.",general,negative,0,Breakfast-only complaint stays in general.
485fdc7374128028_s005,75334fbbe64c,New Orleans,"We also had the pleasure of another front desk personally, Miss Danielle.",service,positive,0,
4c79519d3452ebda_s001,b115571efdc5,San Diego,Manager blamed Cox after desk clerk had me speak with someyahoo techie in New Jersey who I couldn't even understand. Smelly rooms.,cleanliness;service,negative,1,
57f04df19b0a6ec5_s021,4ba7bdc9b246,San Diego,The bathroom was fresh and remodeled (definitely new compared to the rest of the inn.,room_facilities,positive,0,
57f04df19b0a6ec5_s039,4ba7bdc9b246,San Diego,Breakfast ends at 10am.-- I was surprised to find that you could get room service at this little Inn!,general,positive,0,
58a03e970d581959_s006,bfb10d66f821,Anaheim,The front desk service for Check-In and Check-Out was friendly and helpful.,service,positive,0,
59fef9b11f60aa6a_s004,79c2d98fa1cb,Chicago,The front desk staff was great with directions and the shuttle driver will take you anywhere within about a mile of the hotel.,service,positive,0,
6120714af161e9a5_s005,f6c6d40a783b,San Francisco,The only fault was the delay in returning of vehicles from the Valet service but use this as an opportunity to grab a coffee and muffin from the Star Bucks just off the foyer.,service,negative,0,
6f75d80377121087_s001,445d9279fa58,New Orleans,"When we explained the management that we needed to stay on a budget as low as possible, preferring to share one room instead of booking two, they deliberately misunderstood us, charging us the room rate for two instead of one.",service;value,negative,1,
704f3445eb800e5b_s000,75334fbbe64c,New Orleans,This a cool old world style in a huge urban jungle the old world feel with breakfast room service of croissants and jelly to tge cool redbrick arches in the halls great location with in walking distance to the riverfront.frenchman street and Bourbon street great staff and a good value,location_transport;service;value,positive,1,
7529080613ae30ff_s005,f6c6d40a783b,San Francisco,"Starbucks downstairs were always friendly too, and some very good, low price eating spots nearby.",location_transport,positive,0,
75cd712953cb206b_s006,85a18ed72b1c,Dallas,Laurie at the front desk made me feel very welcome.,service,positive,0,
86c61810ea39cf14_s012,75fef46b9663,Seattle,We frequently utilized their free shuttle service to the downtown area.,location_transport,positive,0,
8abae5978177545d_s012,4ba7bdc9b246,San Diego,"The staff at the desk were always there and ready to be helpful, a plus since this was my first time in San Diego.",service,positive,0,
8dfe3c21c77f022c_s005,75334fbbe64c,New Orleans,"Service is also great, ladies at the desk and concierge are all wonderful.",service,positive,0,
9638512aebb11e4f_s002,75334fbbe64c,New Orleans,The staff is on the money.,service,positive,0,
98c8acc623a70323_s003,75334fbbe64c,New Orleans,The room was nice and cool as well! Great price.,room_facilities;value,positive,1,
99eda9949dd60462_s001,e0eeae8afde3,Orlando,It was so dirty n the disk staff r v rude.,cleanliness;service,negative,1,
9bb9606134929856_s003,79c2d98fa1cb,Chicago,"That and the charge for internet access were the only negatives I experienced here, and I will admit that paying for internet access is a pet peeve of mine.",room_facilities,negative,0,
9c0bcdc0f4368d68_s002,4ba7bdc9b246,San Diego,"Rooms are good, clean and great customer service.",cleanliness;service,positive,1,
9d6d605e78b93362_s003,bd1ba974bf11,Atlanta,I also loved room service requests were filled immediately (extra towels).,service,positive,0,
a881315773d2f8c0_s007,75334fbbe64c,New Orleans,We went on a quiet week so we experienced no noise even though we were situated close to the elevator on the second floor.,quiet_sleep,positive,0,
a9c47ae83e4791ba_s005,75334fbbe64c,New Orleans,"The room was clean, large and comfortable.",room_facilities,positive,0,
ad743e818e8a1963_s003,4ba7bdc9b246,San Diego,"Some people complained about noise from the Firehouse Bar, but treat yourself to an ocean view or partial view and you won't have to worry about noise.",location_transport;quiet_sleep,positive,1,"The sentence ends with a reassuring solution, so the overall takeaway is positive."
ae6c9544a312b308_s002,f6c6d40a783b,San Francisco,"The rooms were a bit small, and the bathrooms could do with a renovation, but otherwise I found our room to be quiet comfortable and clean.",cleanliness;room_facilities;quiet_sleep,positive,1,The final clause gives an overall positive room judgment despite smaller drawbacks.
b4d330936fc60c64_s000,75334fbbe64c,New Orleans,"The staff was amazing and friendly, I enjoyed having breakfast brought to my room despite the lack of choices.",service,positive,0,Breakfast mention is secondary to service praise.
b80392474c7133a5_s012,bfb10d66f821,Anaheim,I am glad that we were able to provide you with great customer service and that you reveled in the free parking and close restaurants.,location_transport;service,positive,1,
b8ab501d50e55f95_s002,4ba7bdc9b246,San Diego,The front desk even checked us in online for our flight!,service,positive,0,
c0cfa5d546e4df3a_s022,84953c35a9d0,San Francisco,I'm delighted that took advantage of our location and neighborhood feel along with the wonderful interactions you had with the Housekeeping and Front desk staff.,location_transport;service,positive,1,
c413e1a9f199709c_s008,b115571efdc5,San Diego,"We are glad you found our accommodations to be clean, comfortable and ideally located in the city.",location_transport;cleanliness,positive,1,
c853e1650f949d22_s007,e0eeae8afde3,Orlando,At check in we were assigned room 207.,service,neutral,0,
c853e1650f949d22_s013,e0eeae8afde3,Orlando,"Shower was moldy, pipes were loud, and pressure/temperature would vary greatly during your shower.",cleanliness;room_facilities;quiet_sleep,negative,1,"Mold relates to cleanliness, pipes and pressure/temperature relate to room facilities, loudness relates to quiet sleep."
c853e1650f949d22_s023,e0eeae8afde3,Orlando,You can use your laptop near the pool.,room_facilities,neutral,0,
c864e1ef12d4c28d_s005,4ba7bdc9b246,San Diego,The view is perfect and it's within easy walking distance of a million things to do.,location_transport,positive,0,
d3496e63a140fd88_s000,445d9279fa58,New Orleans,"We got in late due to car trouble during our honeymoon road trip, and not only did Robert and the rest of the wonderful front desk staff save us a parking spot and greet us warmly, they upgraded us to a suite for our stay!",service,positive,0,
d3496e63a140fd88_s002,445d9279fa58,New Orleans,"I would have liked a little more fresh fruit, but the market isn't far so that wasn't a huge deal.",location_transport,neutral,0,Mentions a minor food preference but the core statement is about proximity to a market.
d61938f864e19213_s001,f6c6d40a783b,San Francisco,"However, my room was located on the ground floor and my window faced a dark alley, so I didn't get any daylight.",room_facilities,negative,0,
d9a65fa8bdb87e07_s003,7213d9173df3,San Diego,"When I commented to the front desk clerk on checkout what a hassle this was, she said, Yeah. I know.",service,negative,0,
daff2592f3c3b6f3_s013,4ba7bdc9b246,San Diego,"On your next visit, if you'd like to be placed in the more quiet area of the hotel, please include it in your notes sections when booking your stay, we apologize for the unwanted noise level.",quiet_sleep,negative,0,"Sentence is an apology/explanation for noise, implying a problem with quietness."
dd908c1c0146bf09_s001,445d9279fa58,New Orleans,The front desk was very accommodating once we arrived.,service,positive,0,
e2865b741302ffce_s002,84953c35a9d0,San Francisco,"It was cheap, clean and had free Wi Fi.",cleanliness;room_facilities;value,positive,1,
e8ac16238c6cb44a_s001,7213d9173df3,San Diego,Slight deltas: hotel phone handset was sticky (would have never had touched it but the front desk left a welcome message).,room_facilities,negative,0,
ea9b9306e7555824_s001,98bd44439ff5,Orlando,"The rooms were clean, the beds were comfortable and the breakfast amazing.",cleanliness;room_facilities,positive,1,"Breakfast comment is positive but not a core aspect, so it is ignored for labeling."
eb502decea6868f3_s001,f6c6d40a783b,San Francisco,The staff are friendly and helpful but it doesn't have any dining area.,service;room_facilities,negative,1,The but-clause makes the missing dining area the dominant takeaway.
ec1e4396484d5f98_s023,75fef46b9663,Seattle,"Save your money, walk 2 blocks up to Bartell Drugs for water and snacks.",value,negative,0,
eefa3b402d59a975_s014,75334fbbe64c,New Orleans,Chophouse steak house is accessible from the lobby.,location_transport,neutral,0,
ef836ca8df084779_s002,79c2d98fa1cb,Chicago,In room service- food was deliciious and promptly brought.,service,positive,0,Food quality is ignored; prompt delivery is a service positive.
f06c47210d20df2f_s017,f6c6d40a783b,San Francisco,"Oh, and to top it all off, there wasn't a shower door, either - only half of the shower had a wall, so the other half let water out all over the floor.",room_facilities,negative,0,
