sentence_id,hotel_id,city,sentence_text,aspect_gold,sentiment_gold,is_multi_aspect,notes
113c3730417b5e70_s001,98bd44439ff5,Orlando,"First of all, it was very clean.",,,,
16b272bc9f3ff9e1_s010,75334fbbe64c,New Orleans,"When we came back to the room after the repair, toilet water was everywhere all over the floor and the maintenance guy used one of our towels to drag around the floor and left it in the bathroom. GROSS.",,,,
1ba6f1bee9ad83ab_s017,85a18ed72b1c,Dallas,The inside of the room and the whole property are incredibly dated and dirty.,,,,
1f16fe443f9cb1e0_s002,445d9279fa58,New Orleans,Rooms were quiet and clean.,,,,
3141e00ddd68a717_s004,d702791f5180,San Francisco,"Bottom line- if you are looking for somewhere clean and affordable, this place is fine, just don't plan to spend time in the few blocks around the hotel.",,,,
446fe4eb31b44e7a_s000,98bd44439ff5,Orlando,Older hotel. Always clean. Staff is always pleasant.,,,,
47d37e7b81722d8a_s019,79c2d98fa1cb,Chicago,Nice big and clean rooms.,,,,
59fef9b11f60aa6a_s006,79c2d98fa1cb,Chicago,"While there is no pool or great views this hotel is incredibly comfortable, clean and easy to get to.",,,,
6b49e4f8284fad82_s001,f6c6d40a783b,San Francisco,"Rooms are clean, staff is exceptionally helpful.",,,,
6eda60bbb07c8e50_s009,4ba7bdc9b246,San Diego,The common areas were very nice and clean.,,,,
6eda60bbb07c8e50_s010,4ba7bdc9b246,San Diego,They had beach toys for use and showers with hot water at the entrance form the beach so you can wash off the beach in comfort.,,,,
7c4d1cb23d0ec652_s002,f6c6d40a783b,San Francisco,The place was neat as well:I will deff be recommending this hotel and coming back. Wow!,,,,
7f48b8079a8962cc_s007,bfb10d66f821,Anaheim,Later I realized I had left on my white socks and thought the bottoms would be pretty dirty.,,,,
82680d87b3afd8b2_s008,e0eeae8afde3,Orlando,We did get towels and was told they would bring the washcloths.,,,,
89a1971136059dc5_s001,98bd44439ff5,Orlando,The floor was dirty.,,,,
8ca4d38a9dbaa0a0_s001,4ba7bdc9b246,San Diego,"Price is right, clean rooms with great parking.",,,,
96af034e1c3f79ee_s002,7213d9173df3,San Diego,"Breakfast was also very good, rooms clean and overall appearance of the facility was impressive to say the least.",,,,
9a7f4fd030eb2f77_s001,b115571efdc5,San Diego,It was clean and updated.,,,,
9c0bcdc0f4368d68_s002,4ba7bdc9b246,San Diego,"Rooms are good, clean and great customer service.",,,,
9c78a12e85ab461d_s001,445d9279fa58,New Orleans,"The rooms were clean, the hotel was good, the breakfast above average.",,,,
9cf7b10b24ae775c_s003,445d9279fa58,New Orleans,"Room was clean, beds were comfortable, reception staff pleasant, helpful and accommodating.",,,,
9e0364c2789e7a97_s000,9e8bc983cff4,Honolulu,"Although looking dated, the hotel was clean and in a good location for Waikiki.",,,,
a2b8214f471192b1_s006,445d9279fa58,New Orleans,The street where the hotel sits is under major construction so lobby and bar are covered in dust.,,,,
a2b8214f471192b1_s013,445d9279fa58,New Orleans,Our water goes through a water softener which will make it feel like it is still on you after you have rinsed.,,,,
a93f038b9f40faae_s005,4ba7bdc9b246,San Diego,"The staff was really helpful and friendly, the room was clean, the shower felt great, and I had everything that I needed was there.",,,,
a9c47ae83e4791ba_s005,75334fbbe64c,New Orleans,"The room was clean, large and comfortable.",,,,
aeecdc107fc6ff26_s003,e73773333429,Atlanta,"Lunch buffet although tasty is no where worth 22.00 for 2 meats , 2 vegetables and salad.pool and hot tub were gross.",,,,
aeecdc107fc6ff26_s004,e73773333429,Atlanta,A dirty film covered the water.,,,,
b4de79add004e8f3_s001,445d9279fa58,New Orleans,Very cleaned Outside and inside.,,,,
b646d1b44374b892_s007,f6c6d40a783b,San Francisco,Hotel ran out of washcloths our second night (can you believe that!) 3.),,,,
b8e4edf020194ebb_s007,4ba7bdc9b246,San Diego,Loved the fresh fruit upon checking in.,,,,
be90326d3c9cf0f5_s004,4ba7bdc9b246,San Diego,Rooms are clean and comfortable.,,,,
bf1e1f8c33d00598_s003,f6c6d40a783b,San Francisco,"Room was clean, modern, and very comfortable albeit a few creaking floorboards.",,,,
c1fdb85f8a387fe4_s001,445d9279fa58,New Orleans,The room was clean and had everything we wanted.,,,,
c25e621e281b296f_s029,4ba7bdc9b246,San Diego,"However, there were several varieties of fresh bagels, packaged pastries, toast, butter, jelly's, cream cheese, fresh fruits, cereals, coffee, juice and milk.",,,,
c25e621e281b296f_s034,4ba7bdc9b246,San Diego,"Again, having walked up and down the boardwalk, there are some really trashy places to stay - including the Best Western that are old, outdated, filthy and run down.",,,,
cacc2fc94a058fc2_s002,84953c35a9d0,San Francisco,The room was spacious and very clean.,,,,
d1688887cb692796_s002,7213d9173df3,San Diego,The room was clean.,,,,
dd86959643a55681_s004,7213d9173df3,San Diego,Room was very clean and everything works as it should.,,,,
e066a775348f5413_s000,98bd44439ff5,Orlando,"Nice, clean, well maintained property with an exceptionally pleasant and helpful staff.",,,,
e4ef84bc184f5625_s003,75fef46b9663,Seattle,"Excellent customer service!This is an updated classic semi-luxurious hotel - I personally love the building, the hotel classic decor and settings, the room is updated and yet classy, clean, spacious and unlike other old hotels, it does not have that 'moldy' carpet smell.",,,,
e826601b8498f86f_s005,f6c6d40a783b,San Francisco,We take cleanliness very seriously and I will report this feedback to our team to help us improve. Thanks again.,,,,
e850e11d2a225644_s006,bfb10d66f821,Anaheim,I expect them to be clean.,,,,
ea2ad03fcef8dc40_s000,e0eeae8afde3,Orlando,"I was very dubious after reading some previous reviews on this Hotel, but with the price we paid for a 2 week holiday for we just hoped that the Hotel was comfortable and clean and we was not disappointed, yes it may not have been the Ritz but it was very clean and the beds were extremley comfortable just what you need after trudging round the theme parks all day, we only had the free breakfast a couple of times as you could get a full buffet breakfast for under 5 at any of the eateries alomg International Drive.",,,,
eb5508bc0208ba83_s003,98bd44439ff5,Orlando,"The corridors were old and need of an update, dirty and smelly.",,,,
ecfe64fccb3ff3a0_s004,62fa571ddd54,San Diego,"Dear mrshibariplay,We recognize your time is valuable and appreciate the feedback you have provided us regarding your most recent stay.. Maintaining a fresh atmosphere within our guest rooms and common areas is always a key priority.",,,,
edcc3b6e8e8d4d0c_s003,7213d9173df3,San Diego,"Internet work well, food was good, room was clean and quiet.",,,,
f8f2ed3be89dc73a_s000,98bd44439ff5,Orlando,"Good customer service , room clean, quiet , nice are but one thing difrent information on site than what they give you on the phone.",,,,
ff9750340fa54bac_s002,1bb0433b9fb8,San Diego,It was clean and is located near the airport.,,,,
ffb2d99e441a15d9_s005,b115571efdc5,San Diego,Our house keeping team works very hard to make sure the rooms are in the best conditions for all of our guests.,,,,
062f653298e92cde_s012,445d9279fa58,New Orleans,"It does take some getting used to, but spending time in New Orleans is worth it!!We are a unique property in a unique location and our goal is to by anything but typical!",,,,
080980bc15b1ea6b_s000,5ac72eb101c1,Seattle,"Great place, walking distance to good food and the Space Needle.",,,,
0d5a1bcb95dcd8a1_s002,445d9279fa58,New Orleans,"I would have liked to be just a little closer for safe walking, but we were fine .",,,,
11469232bbe8f2a3_s000,1bb0433b9fb8,San Diego,Over and above all other 5* reviews I wish to emphasize that everything is adapted and accessible!,,,,
1b1fece8ca00ba29_s004,4ba7bdc9b246,San Diego,The pool area was immaculate.,,,,
22ddfcd6212d702b_s001,79c2d98fa1cb,Chicago,We chose this hotel because it was close to the Airport (Midway) the United Center.,,,,
26468a74a54261c2_s001,4ba7bdc9b246,San Diego,I looked at many of the hotels in the area right on the beach and most were about the same price as this one.,,,,
2b0334f2b4b1a78a_s003,4ba7bdc9b246,San Diego,The pool area is great with direct access to the board-walk and beach.,,,,
30696fdfd1d780bd_s002,75334fbbe64c,New Orleans,One item that could be a disadvantage for families with young children is the Continential Breakfast is served in your room .Very helpful and informative staff assisted me with tours and where to visit .Like most hotels near the French Quarter parking is a problem and in addition to there Valet parking there is a public car park right opposite the hotel.,,,,
30d4c81010a302e8_s019,75334fbbe64c,New Orleans,"Clean beds, reasonable sized rooms, really good location, complementary small breakfast.",,,,
31cf297c24ae081c_s005,4ba7bdc9b246,San Diego,"The pool area is great for the kids to play in, the continental breakfast is good and the recently updated bathrooms are a nice touch.",,,,
3235ff8cd81a8826_s009,e0eeae8afde3,Orlando,"just remembered....the day we checked out and left our luggage in the 'secure' area, we got the feeling that it wasn't so as the hotel employed no way of identifying your bag so anyone could have lifted ours but thankfully we had locks.",,,,
34bb1f0944d55893_s000,75334fbbe64c,New Orleans,Attractive old hotel about 10 minute walk from the French quarter.,,,,
4043380019dbccf2_s002,75334fbbe64c,New Orleans,Price was reasonable and the location is great.,,,,
4a1973331fd80181_s012,4ba7bdc9b246,San Diego,"Weekends around the hotel seem to attract a very large and lively college age group to the bars and surrounding area, however it all calms down the next day and week day nights.",,,,
50445e282a418b99_s008,98bd44439ff5,Orlando,Location very central for out,,,,
559744647f578217_s001,4ba7bdc9b246,San Diego,Its located right next to Pacific Beach and walking distance to many places to eat and drink.,,,,
5ce51e8349df8829_s000,75334fbbe64c,New Orleans,"Just outside the French quarter, close to all tourist areas, near to public transport, grocery stores and plenty of restaurants.",,,,
6acfea980e0ab8a9_s001,445d9279fa58,New Orleans,"From the staff to the facilities from the great location within easy walking distance to all the action in the French Quarter to the ambience, this hotel is the place to stay.",,,,
711bd187a9077ded_s002,bfb10d66f821,Anaheim,But being in the area it was located it was more of a family location than a business one.,,,,
74253f6620c5c202_s002,85a18ed72b1c,Dallas,The only complaint we had was that it is on a one way street and forever having to go under a freeway twice to get going the right way into the hotel.,,,,
75cd712953cb206b_s000,85a18ed72b1c,Dallas,This hotel is only a few minutes from Dallas love field.,,,,
7d08537c9c9697d3_s013,75334fbbe64c,New Orleans,"I hope you visit with us in the near future, we appreciate your business.",,,,
83b87649ba744010_s006,f6c6d40a783b,San Francisco,"It is in the middle of union square just walking distance to bars, restaurants, all the shopping you could want and of course Ruby Skye and the Starlight room if you're into those popular attractions.",,,,
877849bcb709f0bd_s001,bd1ba974bf11,Atlanta,What sets this location apart form anything else is the attitude of the staff.,,,,
89361c22dccb7e08_s003,4ba7bdc9b246,San Diego,"The hotel is literally steps to the ocean, and there are plenty of bars and restaurants in walking distance.",,,,
8a92e81b2a828ecf_s001,75334fbbe64c,New Orleans,Centrally located.,,,,
8ad3e7801c4a0147_s021,445d9279fa58,New Orleans,"didnt appear she wanted to hear what we had to say......here's a tip if you dont want to know the answer dont ask the question!...my advice, you can probably do better....if not try a room away from the pool area.......our 10 year enjoyed the pool and breakfast was ok, internet was ok and overall just an average experience....but New Orleans.....well that a whole other story!",,,,
8e4493c4d5441217_s000,bfb10d66f821,Anaheim,This hotel was in a great location for Disneyland and is often a great price.,,,,
8f4193c6e005f979_s001,75334fbbe64c,New Orleans,The hotel is a couple blocks off canal on Magazine (which becomes Decateur) when you cross Canal to the Quarter.,,,,
94d1690b207dd3b2_s005,98bd44439ff5,Orlando,So travel time may take a bit longer to get to the attractions.,,,,
a74c89dd7fd77c48_s001,85a18ed72b1c,Dallas,Clean - well maintained - comfortable rooms - suprisingly quiet considering it is close to several main highways - easy access - nice lite dinners each evening,,,,
aeab2e19e9cb92b3_s011,75334fbbe64c,New Orleans,The worst thing about my trip was a Boil water alert was called (it happens once in a while in this area) but the hotel handed out bottled water to the guests until the area wide situation was resolved.,,,,
aeca6e1018a8b969_s001,84953c35a9d0,San Francisco,"The location is fine for exploring San Francisco, close to transportation and only about ten minutes away from Union Square.",,,,
b76c54e2be781bc9_s004,98bd44439ff5,Orlando,"A Walmart Neighborhood Market (grocery store for those of you who don't know) was about 10min down the road, too.",,,,
b80392474c7133a5_s000,bfb10d66f821,Anaheim,Hotel is in two buildings one of which parallels the road and there is a railroad track behind both properties.,,,,
b8c886c29543489a_s004,1bb0433b9fb8,San Diego,"Ongoing construction very near the hotel, but it did not bother at all our sleep or relaxing.",,,,
bab6b44ff4b3c518_s006,445d9279fa58,New Orleans,Good space at breakfast area. Good location. Good people.,,,,
bfe89232e86be197_s000,75fef46b9663,Seattle,Beautiful hotel in a great location.,,,,
c08420ae935ef963_s002,98bd44439ff5,Orlando,"Joel Baez the Chief engineer was very helpful with my luggage , he also recommended a few restaurants in the area .",,,,
c0cfa5d546e4df3a_s002,84953c35a9d0,San Francisco,"When we go to SF, we like to walk (a lot) and visit the places the locals go.",,,,
cf0806de18aafa30_s001,62fa571ddd54,San Diego,The location is perfect - within easy walking distance (a few blocks) of the amazing restaurants and shops in Old Town.,,,,
cf4ada240eb9f3eb_s002,98bd44439ff5,Orlando,Breakfast and to go snacks were also convenient.,,,,
cfabd6b0026c0d4e_s002,f6c6d40a783b,San Francisco,The location is great - whilst not ON Union Square,,,,
d42afd75409de0be_s003,bfb10d66f821,Anaheim,The staff works hard to keep it well supplied and the dining area clean.,,,,
d65bd3a60923d8b0_s003,445d9279fa58,New Orleans,I protested and they relented but our rooms were not side by side but quite a distance from each other.,,,,
e850e11d2a225644_s014,bfb10d66f821,Anaheim,The staff was nice and the area that the hotel was in was decent too.,,,,
eefa3b402d59a975_s004,75334fbbe64c,New Orleans,small but pretty pool area.,,,,
f5a81a218e76d5a6_s010,b115571efdc5,San Diego,Thank you for choosing our conveniently located accommodations for your stay and for taking the time to let us know how we are doing.,,,,
fb2dd30b49aae0d0_s002,9e8bc983cff4,Honolulu,Hotel is on the edge of the resort area.,,,,
17ab5e2b5b80e494_s004,445d9279fa58,New Orleans,Courtyard was nice and quiet.,,,,
19168c634522cfa1_s001,75334fbbe64c,New Orleans,"Walking distance to all downtown sites yet not in a crazy area that is loud and partying all night Dear Christie R., Thank you for taking the time to leave feedback on your stay here at the St. James Hotel.",,,,
21e51ded76553700_s000,f6c6d40a783b,San Francisco,"- Excellent location- Comfortable, supportive, king sized bed- storage space for luggage- free access to in-room safe- reasonable bathroom amenities - good sized writing desk for planning your day- helpful staff (didn't call on their help much though)- slightly noisy with ventilation ducting and noise from the corridors but acceptable still- refurbishment work not a problem (carpet laying still when we arrived)- near Union Square so some noise associated with proximity. Not too bad.",,,,
27359def32a98522_s002,445d9279fa58,New Orleans,"The location is far enough off of Bourbon Street so there is little to no noise, but close enough for all the fun.",,,,
28c5e7703cb5805e_s002,cabad4abd2ba,Orlando,"Had large, king-bed room on top floor with good size mini-fridge, small microwave, coffee maker and combo radio/alarm/sound machine, safe, plus ironing board iron in room.",,,,
2f9ba7de916cc18c_s011,4ba7bdc9b246,San Diego,"We did stay on the north-end of the hotel, so I can't speak for the south-end where there are some restaurants/bars right next door that get loud at night/on weekends.",,,,
36510363d77a706d_s002,445d9279fa58,New Orleans,It is a bit noisy but if you want to be in town you will have noise anyway.,,,,
50df464ad4cd0c88_s000,b115571efdc5,San Diego,This is old hotel located on a loud main road.,,,,
50df464ad4cd0c88_s001,b115571efdc5,San Diego,Don't look for a good nights sleep here because of the noise from cars racing up and down the street.,,,,
527721ef7c2c5397_s001,f6c6d40a783b,San Francisco,It was also very noisy on the back of the building with garbage pick up and bottles clanging til the wee hours!Thank you for sharing your stay with us.,,,,
5471c0307eb3c900_s000,f6c6d40a783b,San Francisco,"Don't. do. it. This place is pretty crummy, really loud, all the walls are dark gray, the hallways are built for midgets, the floors slope, the furniture is too crudy even for Ikea - no chairs except these metal things that are not comfortable, the lights are about 20watts, the bathroom walls are those sheets of plastic made to look like tile....there is a Starbucks downstairs - yay - but does not make up for Uncle Fester, Lurch and Morticia who obviously were consulted on the decor and layout.",,,,
5d5c08b0a60f6481_s004,4ba7bdc9b246,San Diego,The rooms were quiet and comfortable.,,,,
5e6a41972e2288d9_s000,75334fbbe64c,New Orleans,This hotel is very well located - close to action but far away enough to be quiet and relaxing.,,,,
627cc84e2e9930bd_s008,7213d9173df3,San Diego,I wasn't disturbed by it.,,,,
6d6f23f0f75a0bdd_s005,e0eeae8afde3,Orlando,if you just want somewhere to sleep then book this hotel if you want a nice 5 star hotel don't book here.....,,,,
6d94f32b1f0897dd_s000,f6c6d40a783b,San Francisco,Smallest room but that's SF! We got an interior room away from the street so it was quiet.,,,,
6de6181858aa8d78_s001,e0eeae8afde3,Orlando,"Every day when we came back to the room after visiting the theme parks the walls were wet, all our clothes were wet and the beds were wet!Our view from the room window was a blank wall and therefore the room was always dark.",,,,
7b4f267a2557c0f2_s001,445d9279fa58,New Orleans,"The hotel was clean,quiet, and comfortable.",,,,
7f48b8079a8962cc_s017,bfb10d66f821,Anaheim,"Having a scaredy-cat (yes, our cat), in the room with us the first night, the kids across the hall and the person walking above us seemed loud.",,,,
883c8e8c0e6f9edc_s003,445d9279fa58,New Orleans,"It certainly made for a very nice welcome at check-in (which was efficient and quick).After quickly settling in, I was off to explore the French Quarter and the hotel location on the edge of the historic district makes walking to everything quite easy, yet it's just far enough away from the nightlife to keep things quiet at night.",,,,
8c673c68bc173d2d_s005,84953c35a9d0,San Francisco,"The decor is very nice as well---- room walls are not sound proof in the least, so light sleepers take warning!",,,,
8c7ad2a04e00d08b_s016,75fef46b9663,Seattle,Street noise is not a problem.,,,,
8e26793b983615cf_s008,f6c6d40a783b,San Francisco,"Several times I attempted to stick them on the wall of the shower, but every time they would fall, startling me.",,,,
9f75b3bab41316aa_s003,62fa571ddd54,San Diego,"Great area to stay and a clean, quiet, comfortable hotel.",,,,
a85a7d10d0557a33_s002,98bd44439ff5,Orlando,Wonder what other rodent will come out of the wall.,,,,
a8fcc13db8ce02ac_s000,f6c6d40a783b,San Francisco,"How can you beat a champagne welcome before going to your quiet, comfy, updated room that is close to great shopping, great restaurants and the theater, not to mention an easy walk to business appointments in the financial district.",,,,
aa358c3cd75d930b_s003,445d9279fa58,New Orleans,"It was sort of at the beginning of the French Quarter, so it was not too loud, but it was easy to walk to Bourbon Street, Royal Street, etc.",,,,
aeca6e1018a8b969_s003,84953c35a9d0,San Francisco,Our early morning wake up call for the half marathon was as requested.,,,,
af3edf9a5dd999d9_s003,98bd44439ff5,Orlando,The beds were comfortable and I was able to get a good nights sleep and a hearty breakfast before my flight back.,,,,
b646d1b44374b892_s001,f6c6d40a783b,San Francisco,It was noisy outside but we expected that as I've been to San Fran many times.,,,,
baf2829d2a8301fa_s002,85a18ed72b1c,Dallas,"This property sits right on the Stemmons freeway, which is quite noisy, all the time.",,,,
c25e621e281b296f_s008,4ba7bdc9b246,San Diego,The TV was out dated - they were replacing them with wall mounted flat screens however.,,,,
c25e621e281b296f_s017,4ba7bdc9b246,San Diego,The hotel is on the Pacific Beach boardwalk - there is noise.,,,,
c397773b1496a345_s002,e0eeae8afde3,Orlando,Got 2 rooms for a good price and it was just a place to sleep and shower before getting on the road home.,,,,
c3e79b1b9a74c77e_s012,84953c35a9d0,San Francisco,There was noise in the night when sirens went by.,,,,
c7acc8513f9a1816_s005,75fef46b9663,Seattle,"Someone said it was a noisy intersection, we didn't notice, our window faced the front of the hotel.",,,,
c853e1650f949d22_s013,e0eeae8afde3,Orlando,"Shower was moldy, pipes were loud, and pressure/temperature would vary greatly during your shower.",,,,
d3496e63a140fd88_s000,445d9279fa58,New Orleans,"We got in late due to car trouble during our honeymoon road trip, and not only did Robert and the rest of the wonderful front desk staff save us a parking spot and greet us warmly, they upgraded us to a suite for our stay!",,,,
d723bef66c29cba4_s007,84953c35a9d0,San Francisco,I wish you would have booked directly to avoid 3rd party issues with these companies and hope you called me directly so that we could have accommodated your request due to this unfortunate incident.,,,,
d9b3f36c13a73a6b_s008,445d9279fa58,New Orleans,The location results in a quieter sleep but verify your surroundings before venturing.,,,,
ddf641a10686b0db_s006,7213d9173df3,San Diego,"Rooms are super clean, quiet, and comfy!",,,,
e2c6fdca4d0b4650_s003,d30be52b2a2a,Dallas,"The street behind the hotel was a bit noisy but overall, it was a pleasant stay.",,,,
eb502decea6868f3_s004,f6c6d40a783b,San Francisco,The room is clean but had a view of brick wall from the windows.,,,,
ec1e4396484d5f98_s018,75fef46b9663,Seattle,King Sized bed was comfy with lots of pillows. Noisy -,,,,
ee65b5c457d6a3a3_s002,62fa571ddd54,San Diego,I could stay here with calm condition after my business and go to conversation center within 15 minutes by Uber.,,,,
f094cae19c4a2484_s004,4ba7bdc9b246,San Diego,It did quiet down as the night went on.,,,,
f253f9a8b85c23d0_s005,d702791f5180,San Francisco,"The down sides were apparent straight away, our room was facing the corner of a busy junction, on the 6th floor....the constant traffic woke us up frequently as did the fire trucks which used their sirens freely and at least twice in the night, every night!!!!!",,,,
f5204938ef4c433e_s000,f6c6d40a783b,San Francisco,I can't sleep comfortably in a hotel if I don't feel my room is clean.,,,,
fa645e7f09435edd_s000,445d9279fa58,New Orleans,"This small, almost boutique hotel on the boundary of the French Quarter offers a quiet respite from the hullabaloo of Bourbon Street, and the French Market just three blocks away.",,,,
06880a3b0199e02b_s001,f6c6d40a783b,San Francisco,"Front desk staff are excellent, and knowledgeable about San Francisco.",,,,
0e633054a15fe971_s000,98bd44439ff5,Orlando,"It may look decent outside, but the rooms are not that great.",,,,
16bf95563c918e98_s027,4ba7bdc9b246,San Diego,"All in all, the room is very comfortable.",,,,
1b1fece8ca00ba29_s010,4ba7bdc9b246,San Diego,Beds were comfortable and the linens were good quality.,,,,
1f7711a453b6dc94_s009,e0eeae8afde3,Orlando,"i doubt it, so why moan about it on holidaythey have free wi-fi in the lobby and at certain areas by the pool.i would stay at this hotel again no bother, its good value for money, its a basic hotel and you have to keep this in mind when you go, if your looking for a good location, and a clean hotel its great!!! :)",,,,
26ed7fa129873153_s002,b115571efdc5,San Diego,No remote for TV. Leak in lobby.,,,,
30d4c81010a302e8_s052,75334fbbe64c,New Orleans,We went back down and asked a different desk lady if we could get a breakfast slip.,,,,
359df474d75da2a1_s015,85a18ed72b1c,Dallas,The property is well kept with a beautiful pool area with a hot whirlpool and barbecue.,,,,
37f16a287bf567ee_s004,75334fbbe64c,New Orleans,Second night returning to the room at 5 pm---room was not touched--had to call front desk and they said O No the maids were running behind.,,,,
3a654c85cdd69574_s001,b115571efdc5,San Diego,"there was no room for us, but the receptionist did say she would get a cleaner on to a room straight away.",,,,
4031a7045124ec2b_s003,75334fbbe64c,New Orleans,Valet parking was a bit expensive but it's like that in all of New Orleans.,,,,
459bc6b05cec2cb9_s005,bd1ba974bf11,Atlanta,So they gave us a room knowingly had problems.,,,,
4b756f32305f800a_s001,75fef46b9663,Seattle,The large suite was very comfortable and well appointed but the air conditioner was very noisy and the pipes were leaking from the unit.,,,,
4c9f3c3f7b8050e9_s012,75334fbbe64c,New Orleans,and I do hope you give us another to chance to show you what our rooms have to offer! Sincerely,,,,
627cc84e2e9930bd_s003,7213d9173df3,San Diego,All places we wanted to go were within 5 miles. Comfy bed.,,,,
627cc84e2e9930bd_s018,7213d9173df3,San Diego,"Examples: Scrabbles eggs, sausage links, sausage patties, ham, gravy, biscuits, omelets, home style brkfst potatoes/hash brown dish, oatmeal, hard boiled eggs, variety of fruit, muffins, bagels and breads (toast it yourself), make your own waffles, 4-5 different dry cereals, variety of yogurt cups, variety of coffee, tea, oj, apple juice, milk.",,,,
667c54a4b3af8e17_s006,f6c6d40a783b,San Francisco,The fitness rooms is crowded if there are more than two people in it.,,,,
6b37d1f2b85f4422_s004,5ac72eb101c1,Seattle,Underground parking is really nice during the cold and rainy months.,,,,
773410cb8381abf1_s031,5ac72eb101c1,Seattle,"It has 2 doors, one opens to the main living area and the other opens to a bedroom.",,,,
7e97a6e85a7bbcfc_s007,f6c6d40a783b,San Francisco,"There were plenty of hangers in the closet, the HVAC all worked lovely without any noise and the televisions worked great as well.",,,,
84c91d5b7c0b5139_s005,b115571efdc5,San Diego,Another plus was that I was able to get 2 queen beds at the same price as 1 King.,,,,
85929a07010c58c8_s003,4ba7bdc9b246,San Diego,Underground parking- at a daily charge- is very convenientThank you for the terrific review!,,,,
8ab2bf9e480477a2_s001,f6c6d40a783b,San Francisco,"When we were headed to our room in the elevator a guest made a comment that the rooms were small so we were expecting that when we opened the door, but were pleasantly suprised.",,,,
8ad3e7801c4a0147_s003,445d9279fa58,New Orleans,To call it a plus just because it has internet a pool and breakfast is a long shot.,,,,
8bc48f9820a05495_s003,7213d9173df3,San Diego,"For those traveling with small children, our room only had a shower. Our 2 yr.",,,,
8e8d31bc8b95b2c3_s012,4ba7bdc9b246,San Diego,"Later this spring we will continue the process with new bedding and window treatments, in addition to new lighting throughout the property.",,,,
972b79e4c492ea56_s000,5ac72eb101c1,Seattle,"I wanted to tell the manager wow that was a noisey toilet, wow that was a noisey heater!",,,,
98c8acc623a70323_s007,75334fbbe64c,New Orleans,Loved the wifi too!Thanks for choosing to stay with us at the St James Hotel in New Orleans.,,,,
9a7f4fd030eb2f77_s000,b115571efdc5,San Diego,I was very pleased with the room we stayed in.,,,,
a0bb9d5bb541453e_s016,84953c35a9d0,San Francisco,The website says parking is available but fails to mention it is either expensive valet or several blocks away.,,,,
b02d04e90bce4dc4_s013,75fef46b9663,Seattle,We're working to improve our Wi-Fi for the future.,,,,
b80392474c7133a5_s009,bfb10d66f821,Anaheim,The free parking is unusual for hotels in the area and appreciated.,,,,
baf2829d2a8301fa_s004,85a18ed72b1c,Dallas,The chair in my room (room 525) looked like a cat used it for a scratching post!!,,,,
c82f0d3622a3c7b2_s004,f6c6d40a783b,San Francisco,Annoying chain curtain on closet. Tiny bathroom.,,,,
c8b535cc071a1b2f_s003,1bb0433b9fb8,San Diego,"We had a corner room with bay view, which was nice.",,,,
c8dbee813894ba8f_s009,f6c6d40a783b,San Francisco,"The bathroom is slightly bigger than a closet, with no room or shelves to put your stuff.",,,,
cb9f94c59d15929f_s004,f6c6d40a783b,San Francisco,"Other hotels provide guests with a complementary mint on the pillow, Diva provide a temporary tattoo of the hotel logo.",,,,
d4a87fb3856ca577_s002,75334fbbe64c,New Orleans,"Got one room first, arrived to the room and there was a lot of luggage in the room.",,,,
db736cf01ab1627a_s003,445d9279fa58,New Orleans,"They have parking, for a charge, and we ere able to leave our car when we checked out until the afternoon. Very helpful.",,,,
ddabd8762e81b8f7_s003,445d9279fa58,New Orleans,There's hardly room for your toiletries and you have to remove them if you want to make coffee.,,,,
e0c23a7b7a812322_s011,1bb0433b9fb8,San Diego,The only issue or nuisance at the hotel was that the elevator doors open and close really fast.,,,,
e850e11d2a225644_s022,bfb10d66f821,Anaheim,You order what you want the night before and they pack it up for you the next morning so you can take it back to your room.,,,,
ec1e4396484d5f98_s004,75fef46b9663,Seattle,The only other option is street parking (move it by 8AM) or metered lot across the street.,,,,
ec4da99aa69944e8_s002,1bb0433b9fb8,San Diego,"It was comfortable and also very practical with a small sitting area, a couch, and a desk with views to the outside.",,,,
f1f6a9c7aa1c8d3c_s001,98bd44439ff5,Orlando,"Are very interested in clean, comfortable lodgings with a good start to the day with a great breakfast included in the room rate.",,,,
f4960e499c5acf38_s012,e0eeae8afde3,Orlando,Toilet ran- had to giggle the handle every time to stop water flow.,,,,
f86f504e58eb3990_s001,f6c6d40a783b,San Francisco,The amenities in the bathroom and the showers were top notch.,,,,
f96c1156a872de70_s005,d702791f5180,San Francisco,"The lobby is perfectly nice, did not smell, and I was very comfortable sitting there waiting for my ubers.",,,,
fcc5253f58ad2921_s002,98bd44439ff5,Orlando,The lady didn't even offer another room to shower in!,,,,
0e633054a15fe971_s007,98bd44439ff5,Orlando,And the jacuzzi was out of service.,,,,
0fb2665086639e10_s000,7213d9173df3,San Diego,Very Hilton-y. I know what to expect. Good service. Updated rooms.,,,,
118da29cf723849c_s001,f6c6d40a783b,San Francisco,Staff were friendly.,,,,
1b9ed32dbedd3249_s003,bd1ba974bf11,Atlanta,"The breakfast was very god with variety, and the valet was efficient and FAST!",,,,
22ddfcd6212d702b_s002,79c2d98fa1cb,Chicago,"The staff was very friendly, the rooms were clean comfortable.",,,,
260ed33340e4cf63_s016,e0eeae8afde3,Orlando,The staff at the hotel are lovely and friendly.,,,,
279b7514d187594e_s003,1bb0433b9fb8,San Diego,"From the front desk staff, to the valet staff to the bar staff (I believe his name was Nathan), everyone was superb and ensured all of my needs were met.",,,,
30d4c81010a302e8_s068,75334fbbe64c,New Orleans,Either way she told me shed send housekeeping and didn't.,,,,
30d4c81010a302e8_s079,75334fbbe64c,New Orleans,We waited a total of three hours for valet to bring my stomach medication,,,,
3235ff8cd81a8826_s005,e0eeae8afde3,Orlando,we were dismayed to find how easily the staff coud get assess to the safes in your room after our battery ran out and they took nearly 45mins to come up to our room (after repeated warning that we were in a hurry).,,,,
327d52910bc2a609_s004,75334fbbe64c,New Orleans,"again, the staff took very good care of our entire party.",,,,
37f16a287bf567ee_s016,75334fbbe64c,New Orleans,The service that you received is simply unacceptable.,,,,
4a2618194c2f4798_s006,445d9279fa58,New Orleans,The front desk staff was awesome and very informative.,,,,
4c9f3c3f7b8050e9_s001,75334fbbe64c,New Orleans,The reception staff was at best indifferent.,,,,
5280c62efa905992_s000,445d9279fa58,New Orleans,Tracy Robinson at the Front Desk was a gem.,,,,
57aabee8f813a19b_s001,79c2d98fa1cb,Chicago,Very friendly and knowledgeable about surrounding area.,,,,
57f04df19b0a6ec5_s006,4ba7bdc9b246,San Diego,I was greeted by a friendly staff at the front desk.,,,,
57f04df19b0a6ec5_s040,4ba7bdc9b246,San Diego,Room Service is provided by the neighboring restaurant Firehouse.,,,,
590b538e701e0032_s002,b115571efdc5,San Diego,We were provided with push lights upon check in.,,,,
6aa9190abb14fc73_s011,98bd44439ff5,Orlando,We grabbed our stuff went to front desk and told them.,,,,
6b820d4aaca4fba4_s000,7213d9173df3,San Diego,The hotel is clean and the staff was excellent.,,,,
6eda60bbb07c8e50_s007,4ba7bdc9b246,San Diego,The location is excellent for beach access although at night it's not exactly family friendly on the street side of the hotel.,,,,
737123e5789ac323_s006,75334fbbe64c,New Orleans,"The room - was vintage and not your typical square room (under the eaves - it was great actually), we had a balcony with table to sit and enjoy the evening with a bottle of wine (corkscrew supplied by front desk - thank you).",,,,
7d08537c9c9697d3_s008,75334fbbe64c,New Orleans,Great job to the staff at the St. James.,,,,
8a92e81b2a828ecf_s005,75334fbbe64c,New Orleans,Staff was very nice and helpful.,,,,
8cb0461386a27538_s006,72a9d2fbc96c,Atlanta,The concierge John always smiled and was so helpful.,,,,
8f411df3637a8b20_s004,75334fbbe64c,New Orleans,Right across the street was Bon Ton Cafe recommended to us by an employee.,,,,
8fdfb8e5f9719bea_s011,75fef46b9663,Seattle,"Real books, real stairs, and super friendly staff, we have it all!",,,,
97dc14426763ba0a_s003,d702791f5180,San Francisco,"The staff also was very helpful in getting cabs, shuttles, and directions.",,,,
9ab2d5e012fb6196_s000,98bd44439ff5,Orlando,"Our stay was okay, Staff was good, Breakfast was good, Pool was very nice, Rooms were pretty good for the price.",,,,
a1bfb4e5487884d9_s001,75334fbbe64c,New Orleans,(It was available for two other rooms and accessible via a hallway - but we saw no one else there except hotel staff - so it felt very private.)All requests quickly and pleasantly provided to us.,,,,
a4d8a2c9a2588b4b_s003,75334fbbe64c,New Orleans,"Her staff (Christy, asst.",,,,
a4d8a2c9a2588b4b_s006,75334fbbe64c,New Orleans,"After 3 phone calls, we finally speak to the GM -Jennifer, who said they could not honor the gift certificate bc no rooms were available!",,,,
b1d28a04b530d258_s004,75334fbbe64c,New Orleans,"A Great concierge , the others were okay.",,,,
b318e28bdef4af5f_s002,75334fbbe64c,New Orleans,We are incredibly happy that you found our staff to be friendly and helpful.,,,,
b4de79add004e8f3_s008,445d9279fa58,New Orleans,Bryant Faul General Manager,,,,
b646d1b44374b892_s010,f6c6d40a783b,San Francisco,Upon checkout the desk agent gave us a small (46 dollars to be exact) discount on our room for our inconvenience.,,,,
bbe082fd02763b95_s012,75334fbbe64c,New Orleans,"The hotel was decorated beautifully, the guest rooms were very accommodating and the beds were very comfortable.",,,,
bd1a68f75f458305_s016,bfb10d66f821,Anaheim,"Is it a luxury hotel, no, but the staff act like they work at one.",,,,
c82f0d3622a3c7b2_s007,f6c6d40a783b,San Francisco,No room service.,,,,
c8b535cc071a1b2f_s002,1bb0433b9fb8,San Diego,Friendly and helpful staff.,,,,
ca942f3ccecbf42a_s011,e0eeae8afde3,Orlando,The maid came in every day and spent quite a while in the rooms.,,,,
cfabd6b0026c0d4e_s001,f6c6d40a783b,San Francisco,"The service was the standout - all the staff we dealt with were professional, but also friendly and sometimes jovial - they seemed to enjoy working there which is always a good sign.",,,,
d28c403c0a83b33e_s005,4ba7bdc9b246,San Diego,The manager comes out to say hello,,,,
e957686295e19004_s002,9e8bc983cff4,Honolulu,"The very first day the concierge, Pamela, gave us some awesome suggestions on how to get...",,,,
f394757d3dcf0f8f_s002,445d9279fa58,New Orleans,We were welcomed by amazing jovial staff who were full of excellent suggestions for places to eat and visit.,,,,
f398f50221cad6cd_s002,75334fbbe64c,New Orleans,The location is prime and the staff are wonderful.,,,,
f3b08c0e9551b72c_s007,f6c6d40a783b,San Francisco,Staff was very friendly.,,,,
f61ac3fc25772ade_s003,445d9279fa58,New Orleans,Plus side receptionist helpful and kind.,,,,
f89bfe5d81c6b084_s006,445d9279fa58,New Orleans,Staff are very friendly and able to arrange the booking of various tourist attractions if required.,,,,
06ebb7d7792a3c37_s000,9e8bc983cff4,Honolulu,"nice place to stay on a budget, close to Waikiki, cafes and Ala Moana Shopping Center.",,,,
0f03b8a0fd64de27_s008,445d9279fa58,New Orleans,The price could have been better but that is always the case.,,,,
1af7dc7caf1a97a7_s004,75334fbbe64c,New Orleans,"and well priced!Dear Ross B,Thank you for taking the time to write a review about the St. James Hotel.",,,,
23cdc85d91520f94_s000,e0eeae8afde3,Orlando,"I'll start off by letting you all know that when travelling in the UK we usually stay in cheap hotels (Travelodge, Premier Inn etc) but this hotel is the pits.",,,,
270a0862c1fd5bc2_s002,f6c6d40a783b,San Francisco,"With complimentary sake, room service brunch, and the price, we will definitely be coming back.",,,,
30696fdfd1d780bd_s004,75334fbbe64c,New Orleans,"Dear cebkilifi,Thank you for the wonderful feedback regarding our cost, location, rooms, and staff.",,,,
33296cca18abafdd_s006,98bd44439ff5,Orlando,The suite was very spacious and affordable.,,,,
3b9bcb168979d92a_s002,445d9279fa58,New Orleans,We got a great deal and the room was beautiful.,,,,
3c97aeaedf483921_s000,f6c6d40a783b,San Francisco,Overpriced hotel for the quality they offer.,,,,
3ff50a4ce8922163_s005,d702791f5180,San Francisco,The price I paid for the hotel is just enough for the expectations.,,,,
4a2618194c2f4798_s003,445d9279fa58,New Orleans,Our room fronted the courtyard and was very nice for the rate we paid.,,,,
699ff1dbad47b5e8_s000,79c2d98fa1cb,Chicago,"Stayed for three nights with the UIC rate (169/night).The good:+ Comfortable, clean, spacious room+ Conveniently located to UIC and 5 minutes from Taylor street (lots of restaurant options)+ Friendly staff+ Reasonable fitness room - 6 pieces of cardio equipment and free weights with one bench+ Reasonably priced restaurant with good selection of options (for a hotel)The bad:+ Internet was wireless only and was not free - Marriott needs to differentiate itself by making this free across all of its brands.",,,,
6eda60bbb07c8e50_s012,4ba7bdc9b246,San Diego,No big deal but the water line tile is in need of replacement.,,,,
71c50fbf87afa9ed_s013,5ac72eb101c1,Seattle,"For those who dont know, Four Points is considered one of the budget brandings for Starwood.",,,,
726611b8aea07e1e_s000,75334fbbe64c,New Orleans,Previous stays have been elsewhere in the area but price increases encouraged us to look around for this trip.,,,,
74b97e3efce766fd_s003,75fef46b9663,Seattle,"It is more expensive than other nearby places, but it is so worth it.",,,,
75026b6ed229ecfd_s008,bfb10d66f821,Anaheim,We appreciate your business and value your honest feedback.,,,,
7689e874d3a835fd_s001,4ba7bdc9b246,San Diego,"I paid 370 per night for my room (reservations directly with the hotel), so based on the price and other reviews, I expected a pretty nice room.",,,,
773410cb8381abf1_s004,5ac72eb101c1,Seattle,I am an SPG member and booked one king room on points and booked a 2 bedroom suite at full rate.,,,,
7ae65bffdd44f228_s009,62fa571ddd54,San Diego,Next issue parking fee of 20/night.,,,,
7b86d768a0003b06_s007,f6c6d40a783b,San Francisco,"I saw some reviews complaining about this, however was no big deal at all to me.",,,,
7e07d839c553a5ac_s002,445d9279fa58,New Orleans,Breakfast saved a lot of time cost.,,,,
83b87649ba744010_s003,f6c6d40a783b,San Francisco,"Truly for the money you pay at this hotel and the location it is in, considering all the other mega hotels around it, it is totally worth it!",,,,
84c91d5b7c0b5139_s014,b115571efdc5,San Diego,"We strive to provide our guests with clean, comfortable accommodations at an affordable price.",,,,
8b7da03038b27133_s002,72a9d2fbc96c,Atlanta,"Although the rooming arrangements were complicated (some were self-pay, some were paid by a grant) the entire process went extremely smoothly.",,,,
8c673c68bc173d2d_s000,84953c35a9d0,San Francisco,Booked thru booking.com and got a great rate.,,,,
9205ee5a4427e9b6_s005,98bd44439ff5,Orlando,"We do apologize for the increase in price, but we it was necessary since we have renovated our property.",,,,
923ad2587b7f310c_s007,d30be52b2a2a,Dallas,"There was also the issue of how our room was being paid, we secured the deposit with a credit card, but when we got there, we wanted to pay with cash.",,,,
9636c634e6a11c14_s002,4ba7bdc9b246,San Diego,A little bit expensive given the category of the services.,,,,
965de65da6725ac5_s001,b115571efdc5,San Diego,The price to me was reasonable per night.,,,,
98c8acc623a70323_s004,75334fbbe64c,New Orleans,We paid 99 for one night in June.,,,,
9ba11c5292c85ae6_s004,75fef46b9663,Seattle,Be sure to ask for their medical rate.,,,,
9d3f39c87cc1ba03_s002,f6c6d40a783b,San Francisco,Diva maintains a funky vibe while being good value.,,,,
a3d7d7d17030976e_s005,79c2d98fa1cb,Chicago,The room was overpriced by about double for the property.,,,,
a3d9f6e9106d7759_s011,5ac72eb101c1,Seattle,We have brought this to the attention of our bartenders and front desk associates to ensure they all deliver consistent quality service to our guests.,,,,
aeecdc107fc6ff26_s010,e73773333429,Atlanta,They tried to charge me for items that I didn't buy.,,,,
afccee2642447fba_s007,5ac72eb101c1,Seattle,And not once has the hotel offered to compensate for the charges their mistake has made on my account and will continue to make until they put the money back into my account.,,,,
b0adbc83257df764_s004,b115571efdc5,San Diego,"A good value, not fancy but not bad.",,,,
b28ce0d152c11807_s006,75fef46b9663,Seattle,"Still, I thought the hotel was an excellent value for the money, and I would definitely stay there again.",,,,
c1fc69092404fcd5_s011,5ac72eb101c1,Seattle,"That walk was a bit much for my 5 year old, so we took a taxi the next time and paid about 15-20, I believe.",,,,
c8dbee813894ba8f_s011,f6c6d40a783b,San Francisco,The furniture is uncomfortable and cheap- the chair for the desk was broken and is not suitable for working.,,,,
c9e7e8769ff06792_s008,75fef46b9663,Seattle,"We currently offer a BB package which is very useful and a better value and by the end of July we are testing a coffee feature in our fireside lounge, for the busy morning period that will offer delicious and quick options, along with the Dunbar's regular sit down menu.",,,,
d00a65bae973b609_s008,f6c6d40a783b,San Francisco,Are you kidding For these prices You have to be nuts to stay anywhere else.,,,,
d3496e63a140fd88_s002,445d9279fa58,New Orleans,"I would have liked a little more fresh fruit, but the market isn't far so that wasn't a huge deal.",,,,
d58c047dc7d8f929_s006,445d9279fa58,New Orleans,"There is a parking charge of 20 a night, ouch!",,,,
e0db69e2e2738318_s002,98bd44439ff5,Orlando,Best price I found on that side of town.,,,,
e2865b741302ffce_s002,84953c35a9d0,San Francisco,"It was cheap, clean and had free Wi Fi.",,,,
f96c1156a872de70_s010,d702791f5180,San Francisco,"Overall, you stay at this hotel to spend less than 100 on a room in a very expensive city.",,,,
fc242f932b1b9e8c_s012,75334fbbe64c,New Orleans,"Plenty of better options around, for the same price.",,,,
fd03cf5a67937e1b_s007,79c2d98fa1cb,Chicago,I have shared your comments in regards to the price with the appropriate hotel staff.,,,,
0f03b8a0fd64de27_s001,445d9279fa58,New Orleans,We were really impressed with the staff at this location.,,,,
118da29cf723849c_s000,f6c6d40a783b,San Francisco,"Surrounding does not feel safe as there are many homeless people roaming around, especially when you are travelling alone Location was great.",,,,
164931693ae58a15_s007,bfb10d66f821,Anaheim,The staff was nice enough to tell us a shorter way over to Disney and we were in the parking lot in under 5 minutes.,,,,
2b0334f2b4b1a78a_s000,4ba7bdc9b246,San Diego,Great Location and clean rooms.,,,,
30d4c81010a302e8_s014,75334fbbe64c,New Orleans,Parking: Pro - Cheaper than other valet services at hotels in NOLA.,,,,
30d4c81010a302e8_s039,75334fbbe64c,New Orleans,"We noticed, same day when housekeeping was still cleaning rooms, or just generally had the doors open (I have no clue why) that not only were a majority of the rooms empty, but they had much better views and were almost double the size of ours.",,,,
375d8ee81ffac64b_s017,445d9279fa58,New Orleans,"Somehow the maid had skipped ours, but when we asked her to take care of it she did right away.",,,,
3cce7d20ec754239_s001,75334fbbe64c,New Orleans,"My wife I recently stayed there over our wedding weekend, and we were treated fantastically by the staff - setting us up with a particularly nice King Suite during our stay, and just generally making us feel as though we were truly at home.",,,,
3eb1d655f0c87913_s004,84953c35a9d0,San Francisco,"During that night, I didn't sleep more than 30 min. After complaining, they gave us a different room which was much better.",,,,
42137a86bbe6e437_s007,84953c35a9d0,San Francisco,"I do appreciate you taking the time to recognize our staff, the great deal you found online and to our convenient location.",,,,
4518e9b0cfe37353_s002,e0eeae8afde3,Orlando,"The breakfast is pretty poor but for the price what can you expect It's not the type of breakfast that you can have to aim to fill up for the day: coffee, juice (not real), cereal, toast, but it'll do.",,,,
485fdc7374128028_s005,75334fbbe64c,New Orleans,"We also had the pleasure of another front desk personally, Miss Danielle.",,,,
4c79519d3452ebda_s001,b115571efdc5,San Diego,Manager blamed Cox after desk clerk had me speak with someyahoo techie in New Jersey who I couldn't even understand. Smelly rooms.,,,,
57f04df19b0a6ec5_s021,4ba7bdc9b246,San Diego,The bathroom was fresh and remodeled (definitely new compared to the rest of the inn.,,,,
57f04df19b0a6ec5_s039,4ba7bdc9b246,San Diego,Breakfast ends at 10am.-- I was surprised to find that you could get room service at this little Inn!,,,,
58a03e970d581959_s006,bfb10d66f821,Anaheim,The front desk service for Check-In and Check-Out was friendly and helpful.,,,,
59fef9b11f60aa6a_s004,79c2d98fa1cb,Chicago,The front desk staff was great with directions and the shuttle driver will take you anywhere within about a mile of the hotel.,,,,
6120714af161e9a5_s005,f6c6d40a783b,San Francisco,The only fault was the delay in returning of vehicles from the Valet service but use this as an opportunity to grab a coffee and muffin from the Star Bucks just off the foyer.,,,,
6f75d80377121087_s001,445d9279fa58,New Orleans,"When we explained the management that we needed to stay on a budget as low as possible, preferring to share one room instead of booking two, they deliberately misunderstood us, charging us the room rate for two instead of one.",,,,
704f3445eb800e5b_s000,75334fbbe64c,New Orleans,This a cool old world style in a huge urban jungle the old world feel with breakfast room service of croissants and jelly to tge cool redbrick arches in the halls great location with in walking distance to the riverfront.frenchman street and Bourbon street great staff and a good value,,,,
7529080613ae30ff_s005,f6c6d40a783b,San Francisco,"Starbucks downstairs were always friendly too, and some very good, low price eating spots nearby.",,,,
75cd712953cb206b_s006,85a18ed72b1c,Dallas,Laurie at the front desk made me feel very welcome.,,,,
86c61810ea39cf14_s012,75fef46b9663,Seattle,We frequently utilized their free shuttle service to the downtown area.,,,,
8abae5978177545d_s012,4ba7bdc9b246,San Diego,"The staff at the desk were always there and ready to be helpful, a plus since this was my first time in San Diego.",,,,
8dfe3c21c77f022c_s005,75334fbbe64c,New Orleans,"Service is also great, ladies at the desk and concierge are all wonderful.",,,,
9638512aebb11e4f_s002,75334fbbe64c,New Orleans,The staff is on the money.,,,,
98c8acc623a70323_s003,75334fbbe64c,New Orleans,The room was nice and cool as well! Great price.,,,,
99eda9949dd60462_s001,e0eeae8afde3,Orlando,It was so dirty n the disk staff r v rude.,,,,
9bb9606134929856_s003,79c2d98fa1cb,Chicago,"That and the charge for internet access were the only negatives I experienced here, and I will admit that paying for internet access is a pet peeve of mine.",,,,
9d6d605e78b93362_s003,bd1ba974bf11,Atlanta,I also loved room service requests were filled immediately (extra towels).,,,,
a881315773d2f8c0_s007,75334fbbe64c,New Orleans,We went on a quiet week so we experienced no noise even though we were situated close to the elevator on the second floor.,,,,
ad743e818e8a1963_s003,4ba7bdc9b246,San Diego,"Some people complained about noise from the Firehouse Bar, but treat yourself to an ocean view or partial view and you won't have to worry about noise.",,,,
ae6c9544a312b308_s002,f6c6d40a783b,San Francisco,"The rooms were a bit small, and the bathrooms could do with a renovation, but otherwise I found our room to be quiet comfortable and clean.",,,,
afd2c3ff9f7fb08f_s004,9e8bc983cff4,Honolulu,We are so happy to hear that our staff was very helpful and friendly and the guest room met to your satisfaction.,,,,
b4d330936fc60c64_s000,75334fbbe64c,New Orleans,"The staff was amazing and friendly, I enjoyed having breakfast brought to my room despite the lack of choices.",,,,
b80392474c7133a5_s012,bfb10d66f821,Anaheim,I am glad that we were able to provide you with great customer service and that you reveled in the free parking and close restaurants.,,,,
b8ab501d50e55f95_s002,4ba7bdc9b246,San Diego,The front desk even checked us in online for our flight!,,,,
c0cfa5d546e4df3a_s022,84953c35a9d0,San Francisco,I'm delighted that took advantage of our location and neighborhood feel along with the wonderful interactions you had with the Housekeeping and Front desk staff.,,,,
c413e1a9f199709c_s008,b115571efdc5,San Diego,"We are glad you found our accommodations to be clean, comfortable and ideally located in the city.",,,,
c853e1650f949d22_s007,e0eeae8afde3,Orlando,At check in we were assigned room 207.,,,,
c853e1650f949d22_s023,e0eeae8afde3,Orlando,You can use your laptop near the pool.,,,,
c864e1ef12d4c28d_s005,4ba7bdc9b246,San Diego,The view is perfect and it's within easy walking distance of a million things to do.,,,,
d61938f864e19213_s001,f6c6d40a783b,San Francisco,"However, my room was located on the ground floor and my window faced a dark alley, so I didn't get any daylight.",,,,
d9a65fa8bdb87e07_s003,7213d9173df3,San Diego,"When I commented to the front desk clerk on checkout what a hassle this was, she said, Yeah. I know.",,,,
daff2592f3c3b6f3_s013,4ba7bdc9b246,San Diego,"On your next visit, if you'd like to be placed in the more quiet area of the hotel, please include it in your notes sections when booking your stay, we apologize for the unwanted noise level.",,,,
dd908c1c0146bf09_s001,445d9279fa58,New Orleans,The front desk was very accommodating once we arrived.,,,,
e8ac16238c6cb44a_s001,7213d9173df3,San Diego,Slight deltas: hotel phone handset was sticky (would have never had touched it but the front desk left a welcome message).,,,,
ea9b9306e7555824_s001,98bd44439ff5,Orlando,"The rooms were clean, the beds were comfortable and the breakfast amazing.",,,,
eb502decea6868f3_s001,f6c6d40a783b,San Francisco,The staff are friendly and helpful but it doesn't have any dining area.,,,,
ec1e4396484d5f98_s023,75fef46b9663,Seattle,"Save your money, walk 2 blocks up to Bartell Drugs for water and snacks.",,,,
eefa3b402d59a975_s014,75334fbbe64c,New Orleans,Chophouse steak house is accessible from the lobby.,,,,
ef836ca8df084779_s002,79c2d98fa1cb,Chicago,In room service- food was deliciious and promptly brought.,,,,
f06c47210d20df2f_s017,f6c6d40a783b,San Francisco,"Oh, and to top it all off, there wasn't a shower door, either - only half of the shower had a wall, so the other half let water out all over the floor.",,,,
f568e5595367785a_s002,9e8bc983cff4,Honolulu,But our room and the public spaces were clean...MoreAloha NWRaven from Vancouver: Thank you for staying with us.,,,,
f4960e499c5acf38_s016,e0eeae8afde3,Orlando,The bath towels were rough and the size of large hand towels.,,,,
c9f724dcfc1baf42_s005,f6c6d40a783b,San Francisco,Location is awesome.,,,,
d65bd3a60923d8b0_s007,445d9279fa58,New Orleans,Also the car park directly underneath the rooms was not good.,,,,
502c1425410f8f64_s003,75334fbbe64c,New Orleans,The street was nice and quiet at night.,,,,
b9d766b9d29b5f51_s003,75334fbbe64c,New Orleans,Nice to have breakfast delivered to the room each morning.,,,,
47e03bc14f0bb022_s002,f6c6d40a783b,San Francisco,The front desk staff was so nice and we had nice little chats with them.,,,,
4ab7f8ff6ed34fb8_s002,1bb0433b9fb8,San Diego,"With a modern lobby, courteous staff, spacious room with a magnificent view of the port and the USS Midway!",,,,
84269ccfc86e0d95_s001,75334fbbe64c,New Orleans,We were greeted and helped by a very nice receptionist who made us feel welcome.,,,,
