query_id,group_id,judge_model,overall_mean,brief_rationale,relevance,traceability,fluency,completeness,honesty
q001,G1,deepseek-chat,3.9,回复直接回应了位置交通需求，理由有具体证据支持，表达清晰，但仅推荐一家酒店且未覆盖交通便利的其他方面，完整性不足。,4.0,3.5,4.5,3.0,4.5
q006,G1,deepseek-chat,3.96,回复准确回应用户对卫生干净的核心需求，表达流畅，但对第二家酒店的推荐理由与“干净”需求关联性弱，证据追溯性不足，且未说明其他潜在约束（如预算、位置）是否被支持。,4.5,3.0,4.8,3.5,4.0
q011,G1,deepseek-chat,3.0,回复仅推荐一家酒店且理由证据薄弱，未覆盖查询中‘服务比较好’的核心需求，但未做不实断言。,3.0,2.0,4.0,2.0,4.0
q016,G1,deepseek-chat,4.5,回复高度相关且理由可明确追溯至证据，表达流畅，但主要关注“舒适”和“充足”，对“设施比较好”的覆盖可更全面，未发现不诚实表述。,4.5,4.8,4.7,4.0,4.5
q026,G1,deepseek-chat,3.74,回复直接回应了性价比需求，但推荐理由仅引用一句概括性评论，证据追溯性较弱，且仅推荐一家酒店，覆盖不够全面。,4.2,3.0,4.5,3.0,4.0
q031,G1,deepseek-chat,4.46,回复准确聚焦于位置交通需求，每条理由均能追溯到具体评论证据，表达清晰。但推荐理由较为概括，对‘交通好’的具体方面（如公交、自驾等）覆盖不够深入。,4.5,4.8,4.7,3.8,4.5
q036,G1,deepseek-chat,4.66,回复高度相关且理由可明确追溯至具体证据，表达流畅，对核心需求（卫生干净）回应充分，但未提及用户查询中隐含的“比较好”所可能涉及的其他比较维度（如位置、价格）。,4.8,4.9,4.8,4.0,4.8
q041,G1,deepseek-chat,3.7,回复直接回应了服务好的核心需求，表达清晰，但对Hotel Diva的推荐理由与‘服务’方面关联性弱，证据追溯性差。,4.0,2.0,4.5,3.5,4.5
q046,G1,deepseek-chat,4.32,回复直接回应了寻找设施好的酒店的核心需求，理由可追溯到具体评论句子，表达清晰流畅，但对“设施好”这一宽泛需求的覆盖不够全面，未涉及除舒适外的其他设施方面。,4.5,4.0,4.8,3.5,4.8
q002,G1,deepseek-chat,4.28,回复准确回应了位置交通和卫生干净的核心需求，理由可明确追溯到具体证据，表达清晰。但仅推荐一家酒店，对‘不错’这一宽泛需求的覆盖可能不够充分，且未对潜在的不确定性（如‘不错’的标准）进行说明。,4.5,4.8,4.6,3.5,4.0
q007,G1,deepseek-chat,4.36,回复准确回应了卫生和服务的核心需求，理由基本可追溯，但部分理由文本与对应方面匹配度不高，覆盖了主要方面且无不当断言。,4.5,4.0,4.8,4.0,4.5
q012,G1,deepseek-chat,4.16,回复准确回应了服务和设施需求，理由可追溯到具体证据，表达流畅。但“设施不错”的证据（如“房间大小合适”、“房间不错”）过于笼统，未能充分覆盖“设施不错”的多个方面，导致completeness不足。,4.5,4.0,4.8,3.0,4.5
q017,G1,deepseek-chat,4.4,回复准确回应了房间设施和安静睡眠两个核心需求，理由与证据句ID关联，表达清晰流畅，但部分理由（如‘酒店本身很棒’）略显笼统，完整性上未提及潜在限制。,4.5,4.2,4.8,4.0,4.5
q022,G1,deepseek-chat,3.9,回复准确回应了安静和性价比的核心需求，但推荐理由的证据追溯性较弱，且未覆盖Honolulu可能存在的其他关键方面。,4.5,3.0,4.5,3.5,4.0
q027,G1,deepseek-chat,3.76,回复直接回应了性价比和位置交通需求，表达流畅，但对第二家酒店的性价比推荐缺乏明确证据，且未完全覆盖用户对两个方面的同等关注。,4.0,2.8,4.5,3.0,4.5
q032,G1,deepseek-chat,4.36,回复准确回应了位置交通和卫生干净的核心需求，理由可追溯到具体评论证据，表达清晰，但理由文本较为简略，覆盖了主要方面且未发现不诚实之处。,4.5,4.0,4.8,4.0,4.5
q037,G1,deepseek-chat,4.72,回复精准回应了卫生和服务的核心需求，每条推荐理由均能追溯到具体证据，表达清晰完整，未发现不诚实声明。,4.8,4.7,4.8,4.5,4.8
q042,G1,deepseek-chat,3.6,回复直接回应了服务和设施需求，但部分理由（如‘位置极佳’）与指定方面关联弱，且对‘房间设施’的证据描述过于笼统，完整性一般。,4.0,2.5,4.5,3.0,4.0
q047,G1,deepseek-chat,3.5,回复回应了核心需求，但安静睡眠的理由（‘体验极佳’）无法从证据直接追溯，且未覆盖‘设施不错’的全部方面，完整性一般。,4.0,2.0,4.5,3.0,4.0
q003,G1,deepseek-chat,4.36,回复准确回应了安静需求并诚实说明了服务证据的局限性，但仅推荐一家酒店且未覆盖服务质量的积极证据，导致完整性不足。,4.0,4.5,4.8,3.5,5.0
q008,G1,deepseek-chat,3.7,回复准确回应了安静需求且理由可追溯，但未明确回应“不要设施太差”这一关键约束，完整性不足。,3.5,4.0,4.5,2.5,4.0
q013,G1,deepseek-chat,3.8,回复诚实说明了无法支持核心需求，但未提供任何替代信息或覆盖‘安静一点’的正面需求，导致相关性和完整性不足。,3.0,4.0,4.5,2.5,5.0
q018,G1,deepseek-chat,3.7,回复部分回应了安静和性价比需求，但部分理由与需求关联较弱，且未充分覆盖性价比的多个方面。,3.5,3.0,4.5,3.0,4.5
q023,G1,deepseek-chat,3.4,回复回应了安静和交通的核心需求，但安静的理由（‘房间很棒，住宿体验良好’）与证据的追溯性较弱；未明确提及‘位置交通不要太差’的负面约束如何被满足。,3.5,2.0,4.5,3.0,4.0
q028,G1,deepseek-chat,4.58,回复精准回应了安静和卫生的核心需求，每条理由都引用了具体证据，表达清晰。但未提及对“卫生干净太差”的排除逻辑，完整性略有不足。,4.8,4.5,4.8,4.0,4.8
q033,G1,deepseek-chat,3.96,回复回应了安静和服务的核心需求，理由可追溯到具体证据，表达清晰。但部分服务理由与“服务不差”的直接关联较弱，且未明确处理“不要服务太差”的负向约束，完整性不足。,3.8,4.0,4.5,3.0,4.5
q038,G1,deepseek-chat,4.36,回复准确回应用户对安静和设施的核心需求，理由可追溯至具体评论证据，表达清晰流畅，但对“设施不太差”的负面约束覆盖不够直接，未明确说明设施水平的局限性。,4.5,4.0,4.8,4.0,4.5
q043,G1,deepseek-chat,3.1,回复部分回应了安静需求，但推荐理由无法从提供的证据中追溯，且未明确处理‘不要安静睡眠太差’这一关键约束。,3.0,1.5,4.5,2.5,4.0
q048,G1,deepseek-chat,3.3,回复回应了安静和性价比需求，但推荐理由与具体证据的追溯性弱，部分理由（如“提供一切设施”）与需求关联不直接，覆盖了核心方面但证据支持不足。,3.5,2.0,4.0,3.0,4.0
q077,G1,deepseek-chat,3.3,回复部分回应了位置和安静需求，但完全未提供服务方面的任何证据或说明，导致覆盖不完整；给出的理由可追溯到具体句子，但未覆盖全部关键方面。,3.0,3.0,4.5,2.0,4.0
q078,G1,deepseek-chat,3.4,回复部分回应了查询需求，但推荐理由未能充分追溯至均衡覆盖三个方面的具体证据，且遗漏了对‘房间设施’这一关键方面的明确评估。,3.5,2.5,4.5,2.5,4.0
q079,G1,deepseek-chat,3.9,回复回应了服务、位置和均衡性需求，但未提供任何关于‘安静睡眠’的证据，导致覆盖不完整；给出的理由可追溯到具体评论证据，表达清晰。,3.8,4.2,4.5,3.0,4.0
q080,G1,deepseek-chat,3.5,回复部分回应了查询需求，但推荐理由对‘房间设施’方面缺乏具体证据，且‘性价比’理由过于笼统，完整性不足。,3.5,3.0,4.5,2.5,4.0
q081,G1,deepseek-chat,3.3,回复部分回应了均衡需求，但未提供安静睡眠的证据，理由与证据的追溯性较弱，完整性不足。,3.0,2.5,4.5,2.5,4.0
q082,G1,deepseek-chat,3.7,回复直接回应了性价比和卫生需求，但未提供房间设施方面的具体证据，导致traceability和completeness不足。,4.0,3.0,4.5,3.0,4.0
q083,G1,deepseek-chat,3.7,回复回应了均衡需求，但安静睡眠方面缺乏证据支持，导致traceability和completeness不足。,4.0,3.0,4.5,3.0,4.0
q084,G1,deepseek-chat,3.9,回复回应了核心需求，但未覆盖‘房间设施’方面，且部分推荐理由与指定方面（如value与位置）的关联性不够直接可追溯。,4.0,3.5,4.5,3.0,4.5
q085,G1,deepseek-chat,4.26,回复准确回应了均衡性的核心需求，理由可追溯到具体句子ID，但部分酒店未覆盖全部三个方面，完整性有欠缺。,4.5,4.0,4.8,3.5,4.5
q086,G1,deepseek-chat,3.2,回复部分回应了需求，但严重遗漏了‘房间设施’这一核心方面，且部分推荐理由与证据的追溯关系较弱。,3.0,2.5,4.5,2.0,4.0
q004,G1,deepseek-chat,3.7,回复部分回应了位置需求且有证据追溯，但对预算约束做了诚实说明，然而遗漏了‘交通不错’的具体证据，覆盖不完整。,3.0,4.0,4.5,2.0,5.0
q009,G1,deepseek-chat,3.9,回复准确回应了卫生干净的需求并提供了证据，但对预算约束未满足且诚实说明了，因此覆盖不完整。,3.5,4.0,4.5,3.0,4.5
q014,G1,deepseek-chat,4.26,回复准确回应了服务需求并提供了可追溯的证据，但对预算约束仅做了诚实说明而未覆盖，因此completeness较低。,3.8,4.5,4.8,3.2,5.0
q019,G1,deepseek-chat,4.16,回复准确回应了房间设施需求且理由可追溯，但未完全覆盖预算约束（仅诚实说明无法验证），导致完整性和相关性评分降低。,3.5,4.5,4.8,3.0,5.0
q029,G1,deepseek-chat,3.5,回复回应了性价比需求，但仅推荐一家酒店且证据单薄，对预算约束无法验证的说明诚实。,3.5,3.0,4.0,2.5,4.5
q034,G1,deepseek-chat,4.26,回复准确回应了位置交通需求且理由可追溯，但未覆盖预算约束的验证结果；对预算不支持的情况做了诚实说明。,4.0,4.5,4.8,3.0,5.0
q039,G1,deepseek-chat,4.12,回复准确回应了卫生需求且理由可追溯，但未完全覆盖预算约束，并对不支持项做了诚实说明。,3.5,4.5,4.8,3.0,4.8
q044,G1,deepseek-chat,4.26,回复准确回应了服务需求且理由可追溯，对预算约束无法验证做了诚实说明，但未覆盖预算筛选结果，导致完整性不足。,4.0,4.5,4.8,3.0,5.0
q049,G1,deepseek-chat,4.12,回复准确回应了设施需求且理由可追溯，但未覆盖预算约束（仅诚实说明无法验证），导致相关性和完整性不足。,3.5,4.5,4.8,3.0,4.8
q005,G1,deepseek-chat,4.06,回复诚实说明了无法验证距离，并提供了清洁度的具体证据，但未覆盖用户对“离景点步行10分钟内”的核心需求，导致相关性和完整性不足。,3.5,4.5,4.8,2.5,5.0
q010,G1,deepseek-chat,3.66,回复诚实说明了步行距离无法验证，但推荐理由未能有效追溯至服务好的具体证据，且未充分回应位置便利的核心需求。,3.5,2.5,4.5,3.0,4.8
q015,G1,deepseek-chat,3.3,回复部分回应了房间设施需求，但完全未提及用户核心的‘离景点步行10分钟内’约束，且未诚实说明该约束是否被支持，导致相关性和完整性不足。,3.0,4.0,4.5,2.5,2.5
q020,G1,deepseek-chat,3.7,回复部分回应了安静睡眠需求且理由可追溯，但只推荐了一家酒店且未覆盖步行距离，诚实说明了不支持的距离约束。,3.5,4.0,4.0,2.5,4.5
q025,G1,deepseek-chat,3.96,回复部分回应了性价比和位置需求，但对步行距离约束做了诚实说明；推荐理由与证据的关联不够具体，且未明确覆盖‘景点’这一关键点。,3.8,3.5,4.5,3.2,4.8
q030,G1,deepseek-chat,2.7,回复仅部分回应了位置交通需求，完全未提及步行10分钟内的关键约束，且推荐理由为无具体证据的概括断言，诚实性因未说明约束不支持而一般。,2.5,1.5,4.5,2.0,3.0
q035,G1,deepseek-chat,4.0,回复仅部分回应了用户需求，诚实说明了无法验证步行距离，但对距离这一核心需求未提供任何推荐依据，导致完整性不足。,3.2,4.5,4.8,2.5,5.0
q040,G1,deepseek-chat,3.7,回复部分回应了服务需求，但对步行距离这一核心约束未提供证据且明确说明无法验证，导致相关性和完整性不足。,3.0,4.0,4.5,2.5,4.5
q045,G1,deepseek-chat,3.76,回复部分回应了核心需求，但位置理由证据不足且未直接关联步行距离，诚实说明了关键约束无法验证。,3.5,3.0,4.5,3.0,4.8
q050,G1,deepseek-chat,3.1,回复部分回应了安静需求，但未覆盖步行距离约束且推荐理由与证据（‘环境令人喜爱’）关联弱，诚实说明了不支持的距离要求。,3.0,2.0,4.0,2.0,4.5
q067,G1,deepseek-chat,3.5,回复部分回应了预算和设施需求，但设施理由证据薄弱且覆盖不完整，对预算不支持诚实说明。,3.5,3.0,4.0,2.5,4.5
q068,G1,deepseek-chat,3.8,回复仅部分回应了安静睡眠需求，完全遗漏了步行至景点的核心约束，但对此诚实说明；推荐理由可追溯至具体证据，表达清晰。,3.0,4.0,4.5,2.5,5.0
q069,G1,deepseek-chat,4.12,回复部分回应了性价比需求并提供了可追溯的证据，但未处理入住日期这一核心约束，完整性不足；对不支持项做了诚实说明。,3.5,4.5,4.8,3.0,4.8
q070,G1,deepseek-chat,3.9,回复部分回应了位置需求并诚实说明了预算无法验证，但未充分覆盖‘交通好’的全部方面，且未提供预算相关的任何证据。,3.5,4.0,4.5,3.0,4.5
q071,G1,deepseek-chat,4.2,回复诚实说明了无法验证距离约束，并提供了清洁度的具体证据，但仅部分回应用户需求，未覆盖步行距离这一核心方面。,3.5,5.0,4.5,3.0,5.0
q072,G1,deepseek-chat,4.12,回复准确回应了服务需求且理由可追溯，但未处理入住日期这一核心约束，仅诚实说明其不可确认，导致完整性和相关性不足。,3.8,4.5,4.8,3.0,4.5
q073,G1,deepseek-chat,3.7,回复部分回应了设施需求，并诚实说明预算无法验证，但未处理‘Orlando’地点需求，且推荐理由与设施证据的关联性一般。,3.0,4.0,4.5,2.5,4.5
q074,G1,deepseek-chat,3.92,回复仅回应了安静需求，未覆盖步行距离这一核心约束，但诚实说明了无法验证距离，且安静理由可追溯至具体证据。,3.0,4.8,4.5,2.5,4.8
q075,G1,deepseek-chat,3.7,回复回应了地点和性价比需求，但未覆盖‘下周五’这一关键约束，且推荐理由与证据的追溯性较弱；对无法确认入住日期做了诚实说明。,3.5,3.0,4.5,3.0,4.5
q076,G1,deepseek-chat,3.4,回复部分回应了位置交通需求，但理由证据模糊且未直接支持‘交通好’，也未覆盖预算验证结果；对预算不支持做了诚实说明。,3.0,2.5,4.5,2.5,4.5
